addressLine1,city,state,zipCode,formattedAddress,squareFootage,yearBuilt,bathrooms,bedrooms,lotSize,propertyType,longitude,latitude
5420 Kings Manor Dr,Lake Dallas,TX,75065,"5420 Kings Manor Dr, Lake Dallas, TX 75065",1435.0,1976.0,2.0,3.0,7418.0,Single Family,-97.025734,33.128166
1609 Highway,Summerville,GA,30747,"1609 Highway, 27, Summerville, GA 30747",2940.0,2004.0,3.0,4.0,64904.0,Single Family,-85.249818,34.432757
3602 Se 15th St,Ocala,FL,34471,"3602 Se 15th St, Ocala, FL 34471",1696.0,1978.0,2.5,3.0,20038.0,Single Family,-82.086427,29.173489
2103 Pin Oak Pkwy,Bowie,MD,20721,"2103 Pin Oak Pkwy, Bowie, MD 20721",3972.0,2004.0,2.5,0.0,13796.0,Single Family,-76.744031,38.919
12817 Sw 54th Ct,Miramar,FL,33027,"12817 Sw 54th Ct, Miramar, FL 33027",1542.0,2002.0,2.0,3.0,4025.0,Single Family,-80.316329,25.957708
128 Hilton Dr,Toledo,OH,43615,"128 Hilton Dr, Toledo, OH 43615",728.0,1951.0,1.0,1.0,5400.0,Single Family,-83.693562,41.640498
1006 Foxworth Blvd,Lombard,IL,60148,"1006 Foxworth Blvd, Lombard, IL 60148",1092.0,1979.0,2.5,3.0,6098.0,Single Family,-88.034011,41.846068
2913 Yuma Ave,Mcallen,TX,78503,"2913 Yuma Ave, Mcallen, TX 78503",2264.0,1996.0,3.0,4.0,5502.0,Single Family,-98.258049,26.184308
26 Victoria Cir,Maumelle,AR,72113,"26 Victoria Cir, Maumelle, AR 72113",3125.0,1984.0,2.5,0.0,20038.0,Single Family,-92.403613,34.838767
2063 Baltimore St,North Port,FL,34286,"2063 Baltimore St, North Port, FL 34286",1745.0,2020.0,2.0,3.0,10375.0,Single Family,-82.176026,27.077731
307 69th St NW,Bradenton,FL,34209,"307 69th St NW, Bradenton, FL 34209",2586.0,1979.0,3.0,3.0,10406.0,Single Family,-82.630646,27.50254
6230 Buckingham St,Sarasota,FL,34238,"6230 Buckingham St, Sarasota, FL 34238",1671.0,1997.0,2.0,3.0,7049.0,Single Family,-82.46869,27.262262
1911 W Alameda Ave Apt B,Burbank,CA,91506,"1911 W Alameda Ave Apt B, Burbank, CA 91506",0.0,0.0,0.0,0.0,0.0,Unknown,-118.322655,34.160357
30109 W Montecito Ln,Seligman,AZ,86337,"30109 W Montecito Ln, Lot 1291, Seligman, AZ 86337",0.0,0.0,0.0,0.0,351965.0,Land,-113.012432,35.328537
20922 45th Dr,Bayside,NY,11361,"20922 45th Dr, Bayside, NY 11361",1150.0,1950.0,0.0,0.0,4300.0,Single Family,-73.772653,40.757669
3907 Dancer Pl,Columbus,OH,43230,"3907 Dancer Pl, Columbus, OH 43230",0.0,0.0,0.0,0.0,0.0,Unknown,-82.915119,40.061732
609 Meadows Dr E,Richland,WA,99352,"609 Meadows Dr E, Richland, WA 99352",1638.0,1978.0,2.0,3.0,10542.0,Single Family,-119.247121,46.220694
625 E Clement St,Baltimore,MD,21230,"625 E Clement St, Baltimore, MD 21230",1456.0,1900.0,1.5,3.0,1005.0,Townhouse,-76.604685,39.27385
13910 Buffalo Speedway,Houston,TX,77045,"13910 Buffalo Speedway, Houston, TX 77045",1826.0,1970.0,2.0,3.0,7200.0,Single Family,-95.431203,29.625937
409 Ariel Dr,San Jose,CA,95123,"409 Ariel Dr, San Jose, CA 95123",1597.0,1968.0,2.0,3.0,5974.0,Single Family,-121.825776,37.243199
1038 Saint John Dr,Pearland,TX,77584,"1038 Saint John Dr, Pearland, TX 77584",1310.0,1985.0,1.0,3.0,6300.0,Single Family,-95.368001,29.573406
3706 Old Hearne Rd,Bryan,TX,77803,"3706 Old Hearne Rd, Bryan, TX 77803",1486.0,1976.0,2.0,3.0,18879.0,Single Family,-96.382693,30.708265
2185 County Rd,Saint Paul,MN,55113,"2185 County Rd, B W, Saint Paul, MN 55113",3134.0,1941.0,3.0,4.0,30056.0,Single Family,-93.192455,45.006629
W163S7498 Bay Lane Dr,Muskego,WI,53150,"W163S7498 Bay Lane Dr, Muskego, WI 53150",1609.0,1976.0,1.5,3.0,16117.0,Single Family,-88.118985,42.908953
812 Martin St,Smithfield,NC,27577,"812 Martin St, Smithfield, NC 27577",930.0,1920.0,1.0,2.0,8684.0,Single Family,-78.347687,35.494935
4741 W Diversey Ave,Chicago,IL,60639,"4741 W Diversey Ave, Chicago, IL 60639",954.0,1919.0,1.0,2.0,3960.0,Single Family,-87.745777,41.931303
5812 Fender Ct,Watauga,TX,76148,"5812 Fender Ct, Watauga, TX 76148",1267.0,1983.0,2.0,3.0,12214.0,Single Family,-97.255429,32.861967
16550 Circle Hill Ln,Hacienda Heights,CA,91745,"16550 Circle Hill Ln, Hacienda Heights, CA 91745",1901.0,1975.0,2.0,4.0,10289.0,Single Family,-117.949392,33.98537
1243 40th Ave,Kenosha,WI,53144,"1243 40th Ave, Kenosha, WI 53144",2126.0,1991.0,2.5,4.0,12197.0,Single Family,-87.856061,42.637233
1533 Union St,Webster City,IA,50595,"1533 Union St, Webster City, IA 50595",720.0,1951.0,1.0,3.0,8189.0,Single Family,-93.814968,42.462541
998 E Main St,Milton,WV,25541,"998 E Main St, Apt 2, Milton, WV 25541",0.0,0.0,0.0,0.0,0.0,Unknown,-82.131854,38.434413
624 Nathan Pl NE,Leesburg,VA,20176,"624 Nathan Pl NE, Leesburg, VA 20176",2026.0,2000.0,3.5,3.0,5227.0,Single Family,-77.550494,39.117838
26 Winder Ave,Trenton,NJ,8609,"26 Winder Ave, # 1, Trenton, NJ 08609",0.0,0.0,0.0,0.0,0.0,Unknown,-74.741031,40.223828
507 Junction St,Wilmington,DE,19805,"507 Junction St, Wilmington, DE 19805",1875.0,1920.0,1.0,3.0,13068.0,Single Family,-75.591625,39.741325
5551 Donald Dr,Southaven,MS,38671,"5551 Donald Dr, Southaven, MS 38671",1604.0,1999.0,0.0,3.0,6289.0,Single Family,-90.007224,34.941617
2800 E Meyer Blvd,Kansas City,MO,64132,"2800 E Meyer Blvd, Kansas City, MO 64132",2898.0,1955.0,4.5,2.0,9583.0,Single Family,-94.553841,39.008067
1554 Rock Ridge Cir,Heber,AZ,85928,"1554 Rock Ridge Cir, Heber, AZ 85928",2236.0,1996.0,0.0,0.0,36590.0,Single Family,-110.623885,34.43227
211 Pasadena Ave N,Saint Petersburg,FL,33710,"211 Pasadena Ave N, Apt 303, Saint Petersburg, FL 33710",950.0,1968.0,1.0,2.0,45302.0,Condo,-82.729891,27.772502
129 Bolden St,Houston,TX,77029,"129 Bolden St, Houston, TX 77029",1397.0,1946.0,1.0,3.0,7540.0,Single Family,-95.260478,29.737676
6820 Diamond Hts,Sellersburg,IN,47172,"6820 Diamond Hts, Sellersburg, IN 47172",1345.0,1957.0,1.5,3.0,44431.0,Single Family,-85.746084,38.361597
19625 E 39th St S,Broken Arrow,OK,74014,"19625 E 39th St S, Broken Arrow, OK 74014",1586.0,2001.0,2.0,3.0,43560.0,Single Family,-95.757531,36.107136
4012 Lillian Dr,Concord,CA,94521,"4012 Lillian Dr, Concord, CA 94521",1072.0,1951.0,2.0,3.0,10800.0,Single Family,-122.000929,37.967991
15327 Monica St,Detroit,MI,48238,"15327 Monica St, Apt 1, Detroit, MI 48238",0.0,0.0,0.0,0.0,0.0,Unknown,-83.143877,42.403096
7 Peconic View Ct,Southampton,NY,11968,"7 Peconic View Ct, Southampton, NY 11968",1864.0,2008.0,2.0,3.0,33106.0,Single Family,-72.471432,40.887646
1155 E 13th St,Beaumont,CA,92223,"1155 E 13th St, Beaumont, CA 92223",1382.0,1977.0,1.0,3.0,7840.0,Single Family,-116.966676,33.943171
1961 Grove Pl,Escondido,CA,92027,"1961 Grove Pl, Escondido, CA 92027",2057.0,1978.0,3.0,4.0,34848.0,Single Family,-117.041214,33.122763
6661 Colonial Rd,Brooklyn,NY,11220,"6661 Colonial Rd, Brooklyn, NY 11220",2076.0,1930.0,0.0,0.0,1833.0,Duplex-Triplex,-74.029538,40.64002
713 Sw 111th St,Oklahoma City,OK,73170,"713 Sw 111th St, Oklahoma City, OK 73170",1860.0,1984.0,2.0,3.0,11761.0,Single Family,-97.527635,35.356697
2200 Dickson Dr,Austin,TX,78704,"2200 Dickson Dr, Apt 118, Austin, TX 78704",884.0,1973.0,2.0,2.0,1943.0,Condo,-97.780506,30.245639
4818 Berl St,Winston Salem,NC,27105,"4818 Berl St, Winston Salem, NC 27105",1008.0,1977.0,1.0,3.0,10890.0,Single Family,-80.211157,36.151998
6 Sussex Rd,Newark,DE,19713,"6 Sussex Rd, Newark, DE 19713",900.0,0.0,1.0,2.0,0.0,Apartment,-75.696442,39.682029
17 White Oak St,Warwick,NY,10990,"17 White Oak St, Warwick, NY 10990",2066.0,2006.0,2.0,2.0,5600.0,Single Family,-74.343293,41.260262
972 Wapello St,Altadena,CA,91001,"972 Wapello St, Altadena, CA 91001",2384.0,1940.0,3.0,3.0,6384.0,Single Family,-118.129357,34.197903
2665 Glen Eagles Rd,Lake Oswego,OR,97034,"2665 Glen Eagles Rd, Lake Oswego, OR 97034",2658.0,1973.0,3.0,4.0,12691.0,Single Family,-122.704532,45.416345
251 Arroyo Ave,San Leandro,CA,94577,"251 Arroyo Ave, San Leandro, CA 94577",770.0,0.0,1.0,1.0,0.0,Single Family,-122.158918,37.726638
834 N Milwaukee Ave,Chicago,IL,60642,"834 N Milwaukee Ave, Chicago, IL 60642",0.0,0.0,0.0,0.0,0.0,Unknown,-87.656944,41.896903
12887 S 2700 W,Riverton,UT,84065,"12887 S 2700 W, Riverton, UT 84065",0.0,0.0,0.0,0.0,0.0,Unknown,-111.95736,40.517035
663 Scenic Vw,Stone Mountain,GA,30087,"663 Scenic Vw, Stone Mountain, GA 30087",2087.0,1993.0,2.5,3.0,21780.0,Single Family,-84.10063,33.795857
5951 Wellesley Park Dr,Boca Raton,FL,33433,"5951 Wellesley Park Dr, Apt 407, Boca Raton, FL 33433",1600.0,1982.0,2.0,2.0,43560.0,Condo,-80.134881,26.337434000000002
135 Gordon Ave SW,Lehigh Acres,FL,33973,"135 Gordon Ave SW, Lehigh Acres, FL 33973",780.0,0.0,1.0,2.0,0.0,Unknown,-81.716571,26.610500000000002
298 Mansell Park,Aiken,SC,29801,"298 Mansell Park, Aiken, SC 29801",2046.0,2023.0,2.5,4.0,5227.0,Single Family,-81.776521,33.585681
686 River Oaks Dr,Calumet City,IL,60409,"686 River Oaks Dr, Ste 2, Calumet City, IL 60409",0.0,0.0,0.0,0.0,0.0,Unknown,-87.541806,41.60024
4002 Greenbriar Dr,Missouri City,TX,77459,"4002 Greenbriar Dr, Missouri City, TX 77459",2712.0,1978.0,2.5,4.0,12567.0,Single Family,-95.53111,29.564337
336 N Brunswick St,Wichita,KS,67212,"336 N Brunswick St, Wichita, KS 67212",1210.0,1969.0,1.5,4.0,9148.0,Single Family,-97.427553,37.688196
21 Hoover Rd,Rochester,NY,14617,"21 Hoover Rd, Rochester, NY 14617",1623.0,1929.0,1.5,3.0,7405.0,Single Family,-77.597828,43.215156
PO Box 7581,Monroe,LA,71211,"PO Box 7581, Monroe, LA 71211",0.0,0.0,0.0,0.0,0.0,Unknown,-92.0813,32.5268
607 8th Ave SW,Pipestone,MN,56164,"607 8th Ave SW, Pipestone, MN 56164",0.0,0.0,0.0,0.0,0.0,Unknown,-96.327302,43.994632
383 Gentry Rd,Stokesdale,NC,27357,"383 Gentry Rd, Stokesdale, NC 27357",770.0,1980.0,0.0,0.0,119790.0,Single Family,-79.959669,36.311489
2260 Albion St,Toledo,OH,43606,"2260 Albion St, Toledo, OH 43606",0.0,0.0,0.0,0.0,0.0,Unknown,-83.576072,41.665431
10975 Trenmar Ln,Bloomington,CA,92316,"10975 Trenmar Ln, Bloomington, CA 92316",2078.0,1998.0,2.0,5.0,20000.0,Single Family,-117.381453,34.054364
100 Westwood Dr,Westbury,NY,11590,"100 Westwood Dr, Apt 196, Westbury, NY 11590",930.0,0.0,2.0,2.0,0.0,Apartment,-73.561328,40.776262
4462 Rosser Loop Dr,Bessemer,AL,35022,"4462 Rosser Loop Dr, Bessemer, AL 35022",1664.0,2006.0,2.0,3.0,11737.0,Single Family,-86.986584,33.346401
6401 E 38th St,Kansas City,MO,64129,"6401 E 38th St, Kansas City, MO 64129",0.0,0.0,0.0,0.0,0.0,Unknown,-94.508958,39.055646
4026 N 90th St,Milwaukee,WI,53222,"4026 N 90th St, Milwaukee, WI 53222",1254.0,1960.0,1.5,3.0,5080.0,Single Family,-88.024782,43.090438
3937 Desert Willow Dr NE,Rio Rancho,NM,87144,"3937 Desert Willow Dr NE, Rio Rancho, NM 87144",2258.0,2008.0,2.5,3.0,5227.0,Single Family,-106.716669,35.324229
8581 Elmer Hill Rd,Rome,NY,13440,"8581 Elmer Hill Rd, Apt 3, Rome, NY 13440",0.0,0.0,0.0,0.0,0.0,Unknown,-75.448909,43.276703
369 Redclover Ln,Allentown,PA,18104,"369 Redclover Ln, Allentown, PA 18104",1952.0,2021.0,2.5,3.0,0.0,Single Family,-75.57007,40.585302
205 Pelican Pl,Saint Simons Island,GA,31522,"205 Pelican Pl, Saint Simons Island, GA 31522",1556.0,1985.0,2.5,3.0,2178.0,Townhouse,-81.3944,31.167878
462 Faxon Ave,San Francisco,CA,94112,"462 Faxon Ave, San Francisco, CA 94112",1700.0,1920.0,1.0,0.0,2809.0,Single Family,-122.459908,37.722987
12 College Ave,Poughkeepsie,NY,12603,"12 College Ave, Poughkeepsie, NY 12603",1444.0,1950.0,2.0,3.0,8712.0,Single Family,-73.916646,41.692602
310 S Villa Ave,Fresno,CA,93727,"310 S Villa Ave, Fresno, CA 93727",1760.0,1948.0,1.0,2.0,38280.0,Single Family,-119.714359,36.740627
4812 N Seeley Ave,Chicago,IL,60625,"4812 N Seeley Ave, Chicago, IL 60625",1428.0,1915.0,2.0,3.0,3050.0,Single Family,-87.680759,41.969233
22 Barrister Dr,Columbia,SC,29223,"22 Barrister Dr, Columbia, SC 29223",1570.0,1977.0,2.0,3.0,0.0,Single Family,-80.90979,34.126963
936 Camp Creek Rd,Waynesville,OH,45068,"936 Camp Creek Rd, Waynesville, OH 45068",1628.0,1992.0,2.0,3.0,10001.0,Single Family,-84.093381,39.542405
3926 Hammersley Ave,Madison,WI,53705,"3926 Hammersley Ave, Madison, WI 53705",819.0,1942.0,1.0,2.0,10540.0,Single Family,-89.441681,43.062367
11585 Us Hwy,Ore City,TX,75683,"11585 Us Hwy, 259 N, Ore City, TX 75683",0.0,0.0,0.0,0.0,0.0,Unknown,-94.713719,32.797928
3492 Highway,Douglasville,GA,30135,"3492 Highway, 5 Apt 1313, Douglasville, GA 30135",0.0,0.0,0.0,0.0,0.0,Unknown,-84.767158,33.710154
6505 Vaughan St,Detroit,MI,48228,"6505 Vaughan St, Detroit, MI 48228",816.0,1927.0,1.0,0.0,4356.0,Single Family,-83.236986,42.33863
310 W Franklin St,Bedford,VA,24523,"310 W Franklin St, Apt C, Bedford, VA 24523",0.0,0.0,0.0,0.0,0.0,Unknown,-79.525284,37.332232
212 Arla Dr,Pittsburgh,PA,15220,"212 Arla Dr, Pittsburgh, PA 15220",1174.0,1960.0,2.0,3.0,8409.0,Single Family,-80.062178,40.407101
1201 W Gonzales Rd,Oxnard,CA,93036,"1201 W Gonzales Rd, Apt 31, Oxnard, CA 93036",0.0,0.0,0.0,0.0,0.0,Unknown,-119.191158,34.219327
1322 Nw Taft Ave,Lawton,OK,73507,"1322 Nw Taft Ave, Lawton, OK 73507",1432.0,1949.0,1.0,2.0,87120.0,Duplex-Triplex,-98.409383,34.629459
225 Tanglewood Dr,Christiansburg,VA,24073,"225 Tanglewood Dr, Christiansburg, VA 24073",1116.0,1975.0,1.0,3.0,0.0,Single Family,-80.391705,37.114194
731 N Hl And Dale Dr,Cleveland,OK,74020,"731 N Hl And Dale Dr, Cleveland, OK 74020",0.0,0.0,0.0,0.0,12632.0,Land,-96.379643,36.220843
13799 Cuyamaca Rd,Apple Valley,CA,92307,"13799 Cuyamaca Rd, Apple Valley, CA 92307",2362.0,1999.0,2.5,4.0,18100.0,Single Family,-117.247643,34.502095
5548 Lanier Ave,Suitland,MD,20746,"5548 Lanier Ave, Suitland, MD 20746",1360.0,2005.0,2.5,3.0,1825.0,Single Family,-76.911154,38.831839
PO Box 921,Anderson,IN,46015,"PO Box 921, Anderson, IN 46015",0.0,0.0,0.0,0.0,0.0,Unknown,-85.6787,40.1061
2950 Nw 211th St,Miami Gardens,FL,33056,"2950 Nw 211th St, Miami Gardens, FL 33056",1260.0,1971.0,1.0,3.0,7500.0,Single Family,-80.250906,25.967805
2260 N Hanover Ave,Fresno,CA,93722,"2260 N Hanover Ave, Fresno, CA 93722",1432.0,2004.0,2.0,3.0,6120.0,Single Family,-119.866086,36.769367
13800 Sea Horse Ave,Corpus Christi,TX,78418,"13800 Sea Horse Ave, Corpus Christi, TX 78418",0.0,0.0,0.0,0.0,0.0,Unknown,-97.231452,27.628416
704 Shedd St,Eden,NC,27288,"704 Shedd St, Eden, NC 27288",890.0,1930.0,1.0,2.0,11956.0,Single Family,-79.769032,36.517433
4943 Parks Rd,Lexington,NC,27292,"4943 Parks Rd, Lexington, NC 27292",3930.0,1976.0,2.0,5.0,34412.0,Single Family,-80.207411,35.713066
5722 Babcock Rd,San Antonio,TX,78240,"5722 Babcock Rd, San Antonio, TX 78240",0.0,0.0,0.0,0.0,2439.0,Land,-98.599175,29.522269
364 Thames St,Newport,RI,2840,"364 Thames St, Unit 1, Newport, RI 02840",1500.0,1920.0,3.0,3.0,0.0,Condo,-71.314377,41.483685
22 Windmill Ln,Southampton,NY,11968,"22 Windmill Ln, Southampton, NY 11968",3444.0,2001.0,0.0,0.0,9148.0,Apartment,-72.392593,40.884167
6645 W Tropicana Ave,Las Vegas,NV,89103,"6645 W Tropicana Ave, Unit 201, Las Vegas, NV 89103",1013.0,1985.0,2.0,2.0,2025.0,Condo,-115.237283,36.099032
12740 Treeline Ct,North Fort Myers,FL,33903,"12740 Treeline Ct, North Fort Myers, FL 33903",3647.0,2001.0,3.0,3.0,42907.0,Single Family,-81.899984,26.64851
1444 Larsen Ln,Fairmont,MN,56031,"1444 Larsen Ln, Fairmont, MN 56031",2100.0,1984.0,3.0,5.0,10062.0,Single Family,-94.466606,43.667406
140 E 24th St,Tucson,AZ,85713,"140 E 24th St, Tucson, AZ 85713",1506.0,2000.0,2.0,0.0,8015.0,Single Family,-110.967307,32.204442
904 E 9th Ave,Truth Or Consequences,NM,87901,"904 E 9th Ave, Truth Or Consequences, NM 87901",1350.0,1977.0,2.5,3.0,21780.0,Manufactured,-107.2406,33.139415
2410 Sw Bertha Blvd,Portland,OR,97239,"2410 Sw Bertha Blvd, Apt 2, Portland, OR 97239",0.0,0.0,0.0,0.0,0.0,Unknown,-122.70225,45.479201
2427 E Normandy Dr,Anaheim,CA,92806,"2427 E Normandy Dr, Anaheim, CA 92806",1564.0,1957.0,2.5,3.0,7500.0,Single Family,-117.882114,33.842393
817 Preserve Park Dr,Loganville,GA,30052,"817 Preserve Park Dr, Loganville, GA 30052",4144.0,2007.0,3.0,7.0,7841.0,Single Family,-83.977335,33.829137
823 Howard Ave,Billings,MT,59101,"823 Howard Ave, Billings, MT 59101",588.0,1947.0,1.0,1.0,4356.0,Single Family,-108.537054,45.773313
3115 Cricklewood St,Torrance,CA,90505,"3115 Cricklewood St, Torrance, CA 90505",1208.0,1951.0,1.0,3.0,5581.0,Single Family,-118.341536,33.79756
PO Box 17071,Denver,CO,80217,"PO Box 17071, Denver, CO 80217",0.0,0.0,0.0,0.0,0.0,Unknown,-104.8988,39.7933
12010 Philosophy Way,Orlando,FL,32832,"12010 Philosophy Way, Orlando, FL 32832",2638.0,2018.0,3.0,5.0,5893.0,Single Family,-81.21175,28.424743
1405 Pawnee St,Orange Park,FL,32065,"1405 Pawnee St, Orange Park, FL 32065",1396.0,1991.0,2.0,2.0,8512.0,Single Family,-81.778195,30.12181
21 Hope St,Willimantic,CT,6226,"21 Hope St, Willimantic, CT 06226",0.0,0.0,0.0,0.0,0.0,Unknown,-72.200831,41.718927
936 Barrington Rd,Grosse Pointe Park,MI,48230,"936 Barrington Rd, Grosse Pointe Park, MI 48230",2210.0,1930.0,1.5,0.0,8276.0,Single Family,-82.937034,42.373915
2050 S Sherman St,Denver,CO,80210,"2050 S Sherman St, Denver, CO 80210",3529.0,1905.0,3.0,6.0,6250.0,Single Family,-104.984894,39.679363
737 Olive Way,Seattle,WA,98101,"737 Olive Way, Unit Condo, Seattle, WA 98101",650.0,0.0,1.0,1.0,0.0,Condo,-122.334052,47.613563
17606 Maple St,Granite Falls,WA,98252,"17606 Maple St, Granite Falls, WA 98252",1854.0,2019.0,2.5,4.0,5663.0,Single Family,-121.994466,48.089554
PO Box 55245,Hurst,TX,76054,"PO Box 55245, Hurst, TX 76054",0.0,0.0,0.0,0.0,0.0,Unknown,-97.179344,32.863612
12405 Harbor Dr,Woodbridge,VA,22192,"12405 Harbor Dr, Woodbridge, VA 22192",1664.0,1971.0,2.5,4.0,9962.0,Single Family,-77.278029,38.683644
1421 W Bridle Ter,Addison,IL,60101,"1421 W Bridle Ter, Addison, IL 60101",2365.0,1983.0,2.0,4.0,8189.0,Single Family,-88.023853,41.94994
1416 Virginia Ave,Morristown,TN,37814,"1416 Virginia Ave, Morristown, TN 37814",888.0,1958.0,1.0,3.0,40075.0,Single Family,-83.305699,36.222023
3598 North Way,Oceanside,CA,92056,"3598 North Way, Oceanside, CA 92056",827.0,1974.0,1.0,2.0,5700.0,Single Family,-117.307233,33.183533
313 Rock Creek Dr S,Jacksonville,NC,28540,"313 Rock Creek Dr S, Jacksonville, NC 28540",2430.0,2004.0,4.0,3.0,19998.0,Single Family,-77.495929,34.853782
1023 Horseshoe Rd,Augusta,GA,30906,"1023 Horseshoe Rd, Augusta, GA 30906",2432.0,2006.0,2.0,3.0,140263.0,Single Family,-81.936775,33.289105
2038 Rosewood Rd,Decatur,GA,30032,"2038 Rosewood Rd, Decatur, GA 30032",1044.0,1955.0,1.0,3.0,13068.0,Single Family,-84.26181,33.730597
206 Leonard Ave,Nashville,TN,37205,"206 Leonard Ave, Nashville, TN 37205",3616.0,2003.0,2.5,3.0,9148.0,Single Family,-86.828649,36.130994
205 Tower Dr,San Antonio,TX,78232,"205 Tower Dr, San Antonio, TX 78232",3400.0,1965.0,3.0,4.0,217364.0,Single Family,-98.48495,29.585692
109 Hemlock Ln,Newton,KS,67114,"109 Hemlock Ln, Newton, KS 67114",1350.0,1957.0,1.0,2.0,11039.0,Single Family,-97.345131,38.033864
18 Babs Pl,Mount Olive Township,NJ,7828,"18 Babs Pl, Mount Olive Township, NJ 07828",1898.0,1928.0,1.5,5.0,12197.0,Single Family,-74.758887,40.868799
1680 Mount Hood St,Las Vegas,NV,89156,"1680 Mount Hood St, Las Vegas, NV 89156",1938.0,1984.0,2.5,3.0,7841.0,Single Family,-115.034476,36.190067
1561 Pensacola St,Honolulu,HI,96822,"1561 Pensacola St, Apt 2503, Honolulu, HI 96822",408.0,1980.0,1.0,0.0,0.0,Condo,-157.841534,21.306926
10722 Bushbuck Fld,San Antonio,TX,78245,"10722 Bushbuck Fld, San Antonio, TX 78245",2338.0,2012.0,2.5,4.0,6578.0,Single Family,-98.704301,29.422202
1128 Sheridan Ave,Chattanooga,TN,37406,"1128 Sheridan Ave, Chattanooga, TN 37406",1482.0,1960.0,2.0,0.0,7000.0,Duplex-Triplex,-85.267909,35.052059
5744 W Cermak Rd,Cicero,IL,60804,"5744 W Cermak Rd, Cicero, IL 60804",2278.0,1923.0,4.0,4.0,3250.0,Apartment,-87.768543,41.851302
3384 Jon Davis Ln,Springdale,AR,72764,"3384 Jon Davis Ln, Springdale, AR 72764",1335.0,2007.0,2.0,3.0,10454.0,Single Family,-94.11951,36.214454
2550 E River Rd,Tucson,AZ,85718,"2550 E River Rd, Unit 7305, Tucson, AZ 85718",1036.0,2004.0,2.0,2.0,1036.0,Condo,-110.935944,32.282608
530 Western Ave,Brighton,MA,2135,"530 Western Ave, Apt 215, Brighton, MA 02135",532.0,0.0,1.0,0.0,0.0,Apartment,-71.144806,42.361462
304 Amit St,La Vergne,TN,37086,"304 Amit St, La Vergne, TN 37086",1712.0,2018.0,0.0,0.0,11738.0,Single Family,-86.54742,36.054002
197 Lola Cir,Destin,FL,32541,"197 Lola Cir, Destin, FL 32541",1104.0,1993.0,2.0,3.0,4430.0,Single Family,-86.488578,30.39316
920 E Pearl St,Granbury,TX,76048,"920 E Pearl St, Apt 12, Granbury, TX 76048",0.0,0.0,0.0,0.0,0.0,Unknown,-97.774444,32.444884
910 4th St,East Northport,NY,11731,"910 4th St, East Northport, NY 11731",0.0,0.0,2.0,4.0,0.0,Single Family,-73.330687,40.879073
1225 Coontie Ct,Fort Lauderdale,FL,33312,"1225 Coontie Ct, Fort Lauderdale, FL 33312",2174.0,1953.0,0.0,0.0,6065.0,Apartment,-80.157426,26.116787
11501 Club Ct,Woodbridge,VA,22192,"11501 Club Ct, Woodbridge, VA 22192",2928.0,1976.0,4.0,4.0,219281.0,Single Family,-77.349878,38.705156
12 Carr St,Rocky Mount,NC,27804,"12 Carr St, Rocky Mount, NC 27804",1540.0,1910.0,2.0,3.0,9148.0,Single Family,-77.806413,35.955356
25590 Spur Dr,Hayward,CA,94541,"25590 Spur Dr, Hayward, CA 94541",1971.0,1960.0,2.0,3.0,6500.0,Single Family,-122.044656,37.669713
14031 S 283rd East Ave,Coweta,OK,74429,"14031 S 283rd East Ave, Coweta, OK 74429",1264.0,1981.0,1.0,0.0,0.0,Single Family,-95.662056,35.959933
7380 S Oriole Blvd,Delray Beach,FL,33446,"7380 S Oriole Blvd, Apt 101, Delray Beach, FL 33446",1599.0,1989.0,2.0,3.0,43560.0,Condo,-80.161052,26.456237
PO Box 819065,Dallas,TX,75381,"PO Box 819065, Dallas, TX 75381",0.0,0.0,0.0,0.0,0.0,Unknown,-96.8881,32.9337
1527 N Nelson St,Spokane,WA,99207,"1527 N Nelson St, Spokane, WA 99207",1903.0,1950.0,1.5,2.0,7000.0,Single Family,-117.369978,47.672745
1336 W 87th St,Cleveland,OH,44102,"1336 W 87th St, Cleveland, OH 44102",1712.0,1890.0,2.0,4.0,3840.0,Land,-81.744462,41.482163
4404 61st St,Lubbock,TX,79414,"4404 61st St, Lubbock, TX 79414",1675.0,1967.0,2.0,3.0,7620.0,Single Family,-101.905553,33.539055
3250 W Utica Rd,Shelby Township,MI,48317,"3250 W Utica Rd, Shelby Township, MI 48317",400.0,1934.0,1.0,1.0,83679.0,Single Family,-83.078075,42.62554
695 Main St,Harleysville,PA,19438,"695 Main St, Apt 223, Harleysville, PA 19438",0.0,0.0,0.0,0.0,0.0,Unknown,-75.399612,40.28906
2601 14th St S,Fargo,ND,58103,"2601 14th St S, Fargo, ND 58103",0.0,1976.0,1.0,2.0,0.0,Apartment,-96.802096,46.841347999999996
369 Echo Valley Ln,Newtown Square,PA,19073,"369 Echo Valley Ln, Newtown Square, PA 19073",2832.0,1959.0,3.5,4.0,84811.0,Single Family,-75.434924,39.994024
5421 N East River Rd,Chicago,IL,60656,"5421 N East River Rd, Apt 1418, Chicago, IL 60656",0.0,0.0,0.0,0.0,0.0,Unknown,-87.845311,41.978313
1212 W 57th St,Kansas City,MO,64113,"1212 W 57th St, Kansas City, MO 64113",5734.0,1938.0,4.5,5.0,61019.0,Single Family,-94.604109,39.025199
219 Cedarwood,Irvine,CA,92620,"219 Cedarwood, Irvine, CA 92620",2147.0,2013.0,4.0,3.0,0.0,Condo,-117.731533,33.705349
2472 Fox Bridge Ct,Lake Saint Louis,MO,63367,"2472 Fox Bridge Ct, Lake Saint Louis, MO 63367",1172.0,1986.0,2.0,2.0,2614.0,Single Family,-90.77538,38.784003
619 Henry Treadway Rd,Marshall,NC,28753,"619 Henry Treadway Rd, Marshall, NC 28753",0.0,0.0,0.0,0.0,0.0,Unknown,-82.682446,35.815831
20252 Baldpate Ln,Onancock,VA,23417,"20252 Baldpate Ln, Onancock, VA 23417",1800.0,2022.0,2.0,3.0,22216.0,Single Family,-75.768885,37.765068
10030 Newminster Loop,Ruskin,FL,33573,"10030 Newminster Loop, Ruskin, FL 33573",2573.0,2015.0,3.0,4.0,4600.0,Single Family,-82.342406,27.764063
2132 W 31st St,Los Angeles,CA,90018,"2132 W 31st St, Los Angeles, CA 90018",1696.0,1910.0,1.0,2.0,5662.0,Single Family,-118.313046,34.026213
12241 W Lone Tree Trl,Peoria,AZ,85383,"12241 W Lone Tree Trl, Peoria, AZ 85383",2636.0,2005.0,3.0,0.0,11760.0,Single Family,-112.324757,33.753637
5816 Banning Pl,Burke,VA,22015,"5816 Banning Pl, Burke, VA 22015",1771.0,1973.0,2.5,4.0,2680.0,Single Family,-77.255677,38.793307
2711 Elizabeth Dr,Brownwood,TX,76801,"2711 Elizabeth Dr, Brownwood, TX 76801",1200.0,0.0,1.0,3.0,11818.0,Single Family,-98.970385,31.69284
19717 Drifting Meadows Dr,Pflugerville,TX,78660,"19717 Drifting Meadows Dr, Pflugerville, TX 78660",2048.0,2009.0,2.0,4.0,7714.0,Single Family,-97.585053,30.476596
8157 Cedar Run Ln,Jacksonville,FL,32220,"8157 Cedar Run Ln, Jacksonville, FL 32220",1570.0,2024.0,2.0,3.0,0.0,Single Family,-81.784485,30.33824
2030 Kelly Way,Pahrump,NV,89060,"2030 Kelly Way, Pahrump, NV 89060",0.0,0.0,0.0,0.0,95832.0,Land,-115.977789,36.231224
1621 Ximeno Ave,Long Beach,CA,90804,"1621 Ximeno Ave, Apt 107, Long Beach, CA 90804",0.0,0.0,0.0,0.0,0.0,Unknown,-118.141107,33.786491
750 Hawthorn Row,Vernon Hills,IL,60061,"750 Hawthorn Row, Unit 4127, Vernon Hills, IL 60061",783.0,0.0,1.0,1.0,0.0,Apartment,-87.946548,42.243835
369 Private Rd,Stephenville,TX,76401,"369 Private Rd, 1093, Stephenville, TX 76401",0.0,0.0,0.0,0.0,0.0,Unknown,-98.178675,32.224571
PO Box 131705,Tyler,TX,75713,"PO Box 131705, Tyler, TX 75713",0.0,0.0,0.0,0.0,0.0,Unknown,-95.2744,32.3115
622 Filmore St,Orange Park,FL,32065,"622 Filmore St, Apt 135B, Orange Park, FL 32065",1150.0,0.0,2.0,3.0,0.0,Apartment,-81.756407,30.149398
5859 41st St S,Fargo,ND,58104,"5859 41st St S, Fargo, ND 58104",2429.0,2022.0,1.5,4.0,1898.0,Townhouse,-96.848216,46.796154
1709 Golfside Village Dr,Lehigh Acres,FL,33936,"1709 Golfside Village Dr, Lehigh Acres, FL 33936",1698.0,1990.0,2.0,3.0,10575.0,Single Family,-81.605431,26.61529
38 Bryant St,San Francisco,CA,94105,"38 Bryant St, Apt 509, San Francisco, CA 94105",949.0,1994.0,1.0,1.0,0.0,Condo,-122.388609,37.787194
681 W Wrightwood Ave,Chicago,IL,60614,"681 W Wrightwood Ave, Apt 2E, Chicago, IL 60614",0.0,0.0,0.0,0.0,0.0,Unknown,-87.645914,41.929137
13136 Woodbend Ln,Dallas,TX,75243,"13136 Woodbend Ln, Dallas, TX 75243",1620.0,1982.0,3.0,3.0,2320.0,Single Family,-96.731925,32.918997
344 Pinnacle Dr SE,Rio Rancho,NM,87124,"344 Pinnacle Dr SE, Rio Rancho, NM 87124",2465.0,2022.0,2.5,3.0,7405.0,Single Family,-106.67203,35.251816
604 Fort Worth Ave,Dallas,TX,75208,"604 Fort Worth Ave, Apt 3057, Dallas, TX 75208",725.0,0.0,1.0,1.0,0.0,Apartment,-96.833092,32.77153
2301 Tranquil Ln,Corpus Christi,TX,78418,"2301 Tranquil Ln, Corpus Christi, TX 78418",1672.0,2021.0,2.0,4.0,5968.0,Single Family,-97.309416,27.656737
708 Edgemont Ln,Park Ridge,IL,60068,"708 Edgemont Ln, Park Ridge, IL 60068",1844.0,1954.0,2.5,2.0,10625.0,Single Family,-87.83343,42.023839
11310 E Clements Cir,Livonia,MI,48150,"11310 E Clements Cir, Livonia, MI 48150",972.0,1952.0,1.5,0.0,6970.0,Single Family,-83.319114,42.367264
3455 Rockmartin Dr,Dallas,TX,75234,"3455 Rockmartin Dr, Dallas, TX 75234",2336.0,1967.0,2.0,3.0,10802.0,Single Family,-96.862131,32.922087
11259 Preswick Blvd,Eden Prairie,MN,55344,"11259 Preswick Blvd, Eden Prairie, MN 55344",1569.0,2002.0,3.0,3.0,9673.0,Condo,-93.419411,44.852404
109 W 8th St,Antioch,CA,94509,"109 W 8th St, Antioch, CA 94509",1145.0,1937.0,1.0,2.0,5000.0,Single Family,-121.808079,38.012397
218 Trestle Tree,San Marcos,TX,78666,"218 Trestle Tree, San Marcos, TX 78666",1640.0,2010.0,2.0,2.0,4356.0,Condo,-97.900284,29.882984
8832 Interlake Ave N,Seattle,WA,98103,"8832 Interlake Ave N, Seattle, WA 98103",1560.0,1946.0,1.0,2.0,5125.0,Single Family,-122.339903,47.693359
1428 Andulucia Pl,Perris,CA,92571,"1428 Andulucia Pl, Perris, CA 92571",2131.0,2004.0,2.0,3.0,5662.0,Single Family,-117.194433,33.839443
206 Banyanwood Pt,Jupiter,FL,33458,"206 Banyanwood Pt, Jupiter, FL 33458",3213.0,2000.0,3.0,4.0,8281.0,Single Family,-80.130913,26.909499
7817 Old North Ct,Charlotte,NC,28270,"7817 Old North Ct, Charlotte, NC 28270",1986.0,1973.0,2.5,4.0,14043.0,Single Family,-80.762252,35.13746
26 Rossmore Ave,Fort Thomas,KY,41075,"26 Rossmore Ave, Fort Thomas, KY 41075",1054.0,1923.0,1.0,2.0,7492.0,Single Family,-84.445236,39.070297
718 Diamond View Dr,Delaware,OH,43015,"718 Diamond View Dr, Delaware, OH 43015",1098.0,2012.0,2.0,2.0,0.0,Condo,-83.103782,40.300631
2204 Calhoun St,Fort Washington,MD,20744,"2204 Calhoun St, Fort Washington, MD 20744",1504.0,1964.0,3.0,5.0,12792.0,Single Family,-76.969658,38.792894
6181 Montecito Dr,Huntington Beach,CA,92647,"6181 Montecito Dr, Huntington Beach, CA 92647",1825.0,1965.0,2.5,4.0,6000.0,Single Family,-118.020745,33.727311
12232 Kiska St NE,Blaine,MN,55449,"12232 Kiska St NE, Blaine, MN 55449",2824.0,2010.0,2.5,3.0,11674.0,Townhouse,-93.187687,45.192154
419 Kings Path Dr,Seffner,FL,33584,"419 Kings Path Dr, Seffner, FL 33584",1600.0,2007.0,2.0,3.0,5500.0,Single Family,-82.273146,28.010165
1904 Colony Dr,Fort Wayne,IN,46825,"1904 Colony Dr, Fort Wayne, IN 46825",1545.0,1961.0,2.0,3.0,22148.0,Single Family,-85.115329,41.134199
4925 S Alma School Rd,Chandler,AZ,85248,"4925 S Alma School Rd, Ste 4, Chandler, AZ 85248",0.0,0.0,0.0,0.0,0.0,Unknown,-111.858632,33.234367
22 Rockledge Dr,West Hartford,CT,6107,"22 Rockledge Dr, West Hartford, CT 06107",1092.0,1951.0,1.0,3.0,13068.0,Single Family,-72.738834,41.746012
3560 Bogan Mill Rd,Buford,GA,30519,"3560 Bogan Mill Rd, Buford, GA 30519",2772.0,2004.0,2.5,4.0,6534.0,Single Family,-83.949513,34.098709
3920 Lakeshore Dr,Port Arthur,TX,77642,"3920 Lakeshore Dr, Port Arthur, TX 77642",2318.0,1962.0,0.0,0.0,12066.0,Single Family,-93.902793,29.901211
1170 Corporate Dr W,Arlington,TX,76006,"1170 Corporate Dr W, Ste 202, Arlington, TX 76006",0.0,0.0,0.0,0.0,0.0,Unknown,-97.067292,32.765007
29 Keeler Ave,Moravia,NY,13118,"29 Keeler Ave, Moravia, NY 13118",0.0,0.0,0.0,0.0,0.0,Unknown,-76.426093,42.715195
2150 E Broadway Rd,Phoenix,AZ,85040,"2150 E Broadway Rd, Apt 2039, Phoenix, AZ 85040",0.0,0.0,0.0,0.0,0.0,Unknown,-112.034249,33.407996
305 Winston Ave,Wilmington,DE,19804,"305 Winston Ave, Wilmington, DE 19804",1175.0,1930.0,1.0,3.0,7405.0,Single Family,-75.593855,39.729367
2940 Strauss Ter,Silver Spring,MD,20904,"2940 Strauss Ter, Silver Spring, MD 20904",1261.0,1986.0,2.5,0.0,1950.0,Single Family,-76.949627,39.074727
2033 Darrow Ave,Evanston,IL,60201,"2033 Darrow Ave, Evanston, IL 60201",1990.0,1924.0,2.0,0.0,5610.0,Apartment,-87.696843,42.055067
8112 Dennis Fox Ln,Knoxville,TN,37938,"8112 Dennis Fox Ln, Knoxville, TN 37938",2556.0,2021.0,1.0,4.0,6500.0,Single Family,-83.930551,36.103027
9831 S 47th Pl,Phoenix,AZ,85044,"9831 S 47th Pl, Phoenix, AZ 85044",1786.0,1983.0,2.0,3.0,8329.0,Single Family,-111.979006,33.356964
2170 Century Park E,Los Angeles,CA,90067,"2170 Century Park E, Apt 2009, Los Angeles, CA 90067",1066.0,1966.0,2.0,1.0,223035.0,Condo,-118.411232,34.058034
11801 Coldstream Dr,Potomac,MD,20854,"11801 Coldstream Dr, Potomac, MD 20854",2300.0,1969.0,2.5,4.0,8237.0,Single Family,-77.181242,39.049298
616 Park St,Charlottesville,VA,22902,"616 Park St, Charlottesville, VA 22902",4650.0,1884.0,3.5,6.0,43996.0,Single Family,-78.474982,38.035235
4322 E 5th St,Long Beach,CA,90814,"4322 E 5th St, Long Beach, CA 90814",0.0,0.0,2.0,3.0,0.0,Apartment,-118.142051,33.772351
1050 E Pine St,Silver City,NM,88061,"1050 E Pine St, Apt 203, Silver City, NM 88061",1100.0,1988.0,2.0,3.0,0.0,Single Family,-108.265246,32.789546
4101 Oakwood Ave,Los Angeles,CA,90004,"4101 Oakwood Ave, Apt 206, Los Angeles, CA 90004",0.0,0.0,0.0,0.0,0.0,Unknown,-118.296005,34.077802
62 Old Toll Bridge Rd,Eastport,ME,4631,"62 Old Toll Bridge Rd, Eastport, ME 04631",1936.0,1907.0,2.5,4.0,1176120.0,Single Family,-67.041066,44.928209
3051 Brandywine Blvd,Renfrew,PA,16053,"3051 Brandywine Blvd, Renfrew, PA 16053",1753.0,1900.0,2.0,3.0,3049.0,Condo,-79.98715,40.854492
1168 Sawmill Rd,Brick,NJ,8724,"1168 Sawmill Rd, Brick, NJ 08724",1088.0,1988.0,1.5,2.0,4008.0,Condo,-74.113255,40.108426
101 Lois Ln,Bakersfield,CA,93307,"101 Lois Ln, Apt A, Bakersfield, CA 93307",0.0,0.0,0.0,0.0,0.0,Unknown,-119.003386,35.3082
3430 N Mountain Rdg,Mesa,AZ,85207,"3430 N Mountain Rdg, Unit 78, Mesa, AZ 85207",3233.0,1996.0,3.0,0.0,11073.0,Single Family,-111.672727,33.476064
110 Washington St,Scotland,SD,57059,"110 Washington St, Scotland, SD 57059",1568.0,0.0,2.0,3.0,87120.0,Manufactured,-97.713669,43.147738
760 Lovers Ln,Winnsboro,LA,71295,"760 Lovers Ln, Winnsboro, LA 71295",1673.0,0.0,2.0,3.0,0.0,Single Family,-91.55527,32.164672
19416 Nestor Ave,Carson,CA,90746,"19416 Nestor Ave, Carson, CA 90746",1897.0,1964.0,2.0,4.0,5132.0,Single Family,-118.244234,33.854244
2227 N 30th St,Terre Haute,IN,47804,"2227 N 30th St, Terre Haute, IN 47804",1464.0,1921.0,1.0,2.0,29640.0,Single Family,-87.373017,39.492977
793 Woodyhill Dr,Cincinnati,OH,45238,"793 Woodyhill Dr, Cincinnati, OH 45238",972.0,1959.0,1.5,2.0,8886.0,Single Family,-84.619911,39.108708
5813 E 22nd St N,Wichita,KS,67220,"5813 E 22nd St N, Wichita, KS 67220",1147.0,1976.0,2.0,2.0,8276.0,Single Family,-97.267376,37.724854
1464 Park Ave E,Mansfield,OH,44905,"1464 Park Ave E, Mansfield, OH 44905",1168.0,1976.0,1.0,3.0,64469.0,Single Family,-82.461733,40.764864
993 Leslie Ln,Hanford,CA,93230,"993 Leslie Ln, Hanford, CA 93230",0.0,0.0,0.0,0.0,0.0,Unknown,-119.657958,36.313693
905 Vienna Ave,Niles,OH,44446,"905 Vienna Ave, Niles, OH 44446",1804.0,1910.0,1.0,3.0,11761.0,Single Family,-80.750791,41.191289
2309 E Virginia Ave,Phoenix,AZ,85006,"2309 E Virginia Ave, Phoenix, AZ 85006",2236.0,1948.0,3.0,0.0,10193.0,Single Family,-112.031827,33.476595
108 Jubilee Hill Dr,Wildwood,MO,63040,"108 Jubilee Hill Dr, Unit D, Wildwood, MO 63040",1032.0,1995.0,2.0,2.0,1032.0,Condo,-90.631282,38.573486
641 Sandcastle Ave,Lemoore,CA,93245,"641 Sandcastle Ave, Lemoore, CA 93245",1809.0,1999.0,2.0,4.0,7235.0,Single Family,-119.803044,36.304637
1952 W Golden Pond Way,Orem,UT,84059,"1952 W Golden Pond Way, Orem, UT 84059",1826.0,2006.0,2.0,3.0,1568.0,Single Family,-111.742328,40.280539
120 N Hunt Ave,Hydro,OK,73048,"120 N Hunt Ave, Hydro, OK 73048",0.0,0.0,0.0,0.0,0.0,Unknown,-98.574558,35.545449
446 Casa Sevilla Ave,Saint Augustine,FL,32092,"446 Casa Sevilla Ave, Saint Augustine, FL 32092",1745.0,2009.0,2.0,3.0,10890.0,Single Family,-81.472786,29.963397
2121 Park Springs Cir,Arlington,TX,76013,"2121 Park Springs Cir, Apt 3040, Arlington, TX 76013",0.0,0.0,0.0,0.0,0.0,Unknown,-97.167778,32.712261
31 Cider Creek Cir,Rochester,NY,14616,"31 Cider Creek Cir, Rochester, NY 14616",1850.0,1976.0,3.0,3.0,16492.0,Single Family,-77.692458,43.238809
3417 Newkirk Ave,Brooklyn,NY,11203,"3417 Newkirk Ave, Brooklyn, NY 11203",2528.0,1930.0,0.0,0.0,2535.0,Duplex-Triplex,-73.943942,40.640507
2735 7th Ave,Los Angeles,CA,90018,"2735 7th Ave, Apt 2, Los Angeles, CA 90018",0.0,0.0,0.0,0.0,0.0,Unknown,-118.32423,34.030466
16606 S Magenta Rd,Phoenix,AZ,85048,"16606 S Magenta Rd, Phoenix, AZ 85048",1358.0,1999.0,2.0,0.0,4330.0,Single Family,-112.081079,33.295033
112 Vale Dr,West Mifflin,PA,15122,"112 Vale Dr, West Mifflin, PA 15122",1163.0,1950.0,1.5,3.0,9600.0,Single Family,-79.92879,40.365161
114A Bearwallow Rd,Hendersonville,NC,28792,"114A Bearwallow Rd, Hendersonville, NC 28792",0.0,0.0,0.0,0.0,0.0,Unknown,-82.35676,35.3905
511 Kimberly Ct,Lehigh Acres,FL,33974,"511 Kimberly Ct, Lehigh Acres, FL 33974",1601.0,2007.0,2.0,4.0,12959.0,Single Family,-81.627131,26.552375
1865 Fenton St,Edgewater,CO,80214,"1865 Fenton St, Apt 101, Edgewater, CO 80214",0.0,0.0,0.0,0.0,0.0,Unknown,-105.060794,39.745766
1297 Clear Stream Rdg,Auburn,GA,30011,"1297 Clear Stream Rdg, Auburn, GA 30011",4217.0,2007.0,1.0,5.0,10454.0,Single Family,-83.886263,34.021196
4300 Rosemeade Pkwy,Dallas,TX,75287,"4300 Rosemeade Pkwy, Apt 1925, Dallas, TX 75287",972.0,0.0,2.0,2.0,0.0,Apartment,-96.833608,33.010832
790 Desert View Dr,Lake Havasu City,AZ,86404,"790 Desert View Dr, Lake Havasu City, AZ 86404",1551.0,2025.0,1.0,3.0,11326.0,Single Family,-114.305869,34.512923
7902 Glen Vista St,Houston,TX,77061,"7902 Glen Vista St, Houston, TX 77061",1302.0,1956.0,2.0,3.0,8050.0,Single Family,-95.274876,29.668663
2335 W Twisted Trl,Duck Creek Village,UT,84762,"2335 W Twisted Trl, Duck Creek Village, UT 84762",1306.0,2022.0,2.0,3.0,12632.0,Single Family,-112.713109,37.444766
433 E Ferndale Ln,Grand Prairie,TX,75052,"433 E Ferndale Ln, Grand Prairie, TX 75052",2058.0,1974.0,2.0,3.0,8227.0,Single Family,-96.998982,32.704834
205 Providence St,Stafford,VA,22554,"205 Providence St, Stafford, VA 22554",1124.0,1990.0,3.0,2.0,0.0,Single Family,-77.413612,38.463
6441 Brookedge Ct,Dublin,OH,43017,"6441 Brookedge Ct, Dublin, OH 43017",1024.0,1979.0,1.5,2.0,0.0,Condo,-83.10774,40.085499
166 Hunter Ct,Palm Harbor,FL,34684,"166 Hunter Ct, Palm Harbor, FL 34684",1848.0,1987.0,0.0,0.0,0.0,Condo,-82.730183,28.068443
1417 Barnes Pl,Minneapolis,MN,55411,"1417 Barnes Pl, Minneapolis, MN 55411",0.0,0.0,0.0,0.0,0.0,Unknown,-93.298634,44.987327
20525 S Charleston,Boca Raton,FL,33434,"20525 S Charleston, # 169172, Boca Raton, FL 33434",1347.0,0.0,2.0,2.0,0.0,Apartment,-80.187929,26.371088
5726 King Trl,Corpus Christi,TX,78414,"5726 King Trl, Corpus Christi, TX 78414",5067.0,2005.0,5.5,5.0,64948.0,Single Family,-97.410389,27.646584
111 Major Bowling Pl,Henderson,NV,89011,"111 Major Bowling Pl, Henderson, NV 89011",2486.0,2021.0,2.5,3.0,7078.0,Single Family,-114.981977,36.057907
14141 Sw 54th St,Miramar,FL,33027,"14141 Sw 54th St, Miramar, FL 33027",3023.0,2005.0,0.0,0.0,6307.0,Single Family,-80.334562,25.957931
2066 Jarvis Ln NW,Calabash,NC,28467,"2066 Jarvis Ln NW, Calabash, NC 28467",1799.0,2010.0,2.0,3.0,0.0,Single Family,-78.609059,33.918043
203 Chrystie St,New York,NY,10002,"203 Chrystie St, Unit 2DD, New York, NY 10002",0.0,0.0,1.0,0.0,0.0,Condo,-73.991991,40.722319
409 Fulford Rd,Kingsland,GA,31548,"409 Fulford Rd, Kingsland, GA 31548",980.0,1987.0,2.0,3.0,8276.0,Single Family,-81.695336,30.795386
150 Macy Ave,Barberton,OH,44203,"150 Macy Ave, Barberton, OH 44203",975.0,1953.0,1.0,2.0,11250.0,Single Family,-81.582414,41.025668
77 Main St,Woolwich,ME,4579,"77 Main St, Woolwich, ME 04579",1399.0,1940.0,2.5,3.0,8712.0,Single Family,-69.80134,43.916059
212 Oak Forest Dr,Pelham,AL,35124,"212 Oak Forest Dr, Pelham, AL 35124",2142.0,2001.0,2.0,0.0,36843.0,Single Family,-86.749054,33.299261
207 W Harris Rd,Corsicana,TX,75110,"207 W Harris Rd, Corsicana, TX 75110",2348.0,2004.0,2.0,3.0,435600.0,Single Family,-96.473799,32.05585
20341 Onyx Ring,San Antonio,TX,78264,"20341 Onyx Ring, San Antonio, TX 78264",1535.0,2024.0,2.5,4.0,4792.0,Single Family,-98.444649,29.216722
2043 N 67th Ave,Omaha,NE,68104,"2043 N 67th Ave, Omaha, NE 68104",768.0,1952.0,1.0,2.0,6210.0,Single Family,-96.016442,41.279411
E Richman County Rd,Corinth,MS,38834,"E Richman County Rd, Lot 6B, Corinth, MS 38834",0.0,0.0,0.0,0.0,3450.0,Land,-88.502367,34.956614
1817 Air Park Rd,Edgewater,FL,32132,"1817 Air Park Rd, Edgewater, FL 32132",2105.0,1987.0,3.0,4.0,46610.0,Single Family,-80.92173,28.964214
1113 Berry Rd,Elizabethton,TN,37643,"1113 Berry Rd, Elizabethton, TN 37643",2059.0,1988.0,2.0,3.0,33896.0,Single Family,-82.198727,36.342805
PO Box 7284,Fremont,CA,94537,"PO Box 7284, Fremont, CA 94537",0.0,0.0,0.0,0.0,0.0,Unknown,-122.0149,37.5563
9 Hawkins Ln,North Andover,MA,1845,"9 Hawkins Ln, North Andover, MA 01845",0.0,0.0,0.0,0.0,161172.0,Land,-71.07008,42.652393000000004
320 Arbor Glen Dr,Fort Worth,TX,76140,"320 Arbor Glen Dr, Fort Worth, TX 76140",3153.0,2001.0,2.0,3.0,7196.0,Single Family,-97.324679,32.603255
2109 S 29 1/2 St,Mcallen,TX,78503,"2109 S 29 1/2 St, Mcallen, TX 78503",1741.0,1983.0,2.0,3.0,5650.0,Single Family,-98.257183,26.186985
63 N 98th St,Belleville,IL,62223,"63 N 98th St, Belleville, IL 62223",600.0,1917.0,0.0,0.0,10454.0,Single Family,-90.053583,38.580089
8123 Mckim Ct,Los Angeles,CA,90046,"8123 Mckim Ct, Los Angeles, CA 90046",1740.0,1973.0,2.0,2.0,16820.0,Single Family,-118.370992,34.111962
10616 Turnberry Ln,Oklahoma City,OK,73170,"10616 Turnberry Ln, Oklahoma City, OK 73170",2203.0,1992.0,3.0,3.0,9583.0,Single Family,-97.552792,35.361411
44 Winslow St,Everett,MA,2149,"44 Winslow St, Unit 2, Everett, MA 02149",1178.0,2022.0,1.0,3.0,9999.0,Apartment,-71.06282,42.409901
1653 Michigan Ave W,Battle Creek,MI,49037,"1653 Michigan Ave W, Battle Creek, MI 49037",825.0,1945.0,1.0,2.0,7797.0,Single Family,-85.23826,42.346468
221 W Glen St,East Peoria,IL,61611,"221 W Glen St, East Peoria, IL 61611",1200.0,1969.0,1.5,3.0,11761.0,Single Family,-89.511492,40.634603
W7003 Parkview Dr,Greenville,WI,54942,"W7003 Parkview Dr, Ste F, Greenville, WI 54942",0.0,0.0,0.0,0.0,0.0,Unknown,-88.541507,44.303864
23527 Stonehenge Blvd,Novi,MI,48375,"23527 Stonehenge Blvd, Novi, MI 48375",968.0,1978.0,1.5,0.0,43560.0,Condo,-83.439322,42.460946
303 E 11th Ave,Winfield,KS,67156,"303 E 11th Ave, Winfield, KS 67156",2784.0,1910.0,1.5,4.0,13939.0,Single Family,-96.994233,37.237998
812 Elliott Ave,Charlottesville,VA,22902,"812 Elliott Ave, Charlottesville, VA 22902",888.0,1925.0,1.0,2.0,6055.0,Single Family,-78.478945,38.019861
1400 Timberview Dr,Adel,IA,50003,"1400 Timberview Dr, Adel, IA 50003",1533.0,2022.0,3.0,4.0,9750.0,Single Family,-94.017966,41.606068
6363 Canadian Ave,Hope Mills,NC,28348,"6363 Canadian Ave, Hope Mills, NC 28348",0.0,0.0,0.0,0.0,20038.0,Manufactured,-78.846092,34.919599
7902 Sabal Dr,Temple Terrace,FL,33637,"7902 Sabal Dr, Temple Terrace, FL 33637",1085.0,1975.0,1.0,2.0,0.0,Condo,-82.365879,28.028789
6416 New Haven Dr,Wilmington,NC,28411,"6416 New Haven Dr, Wilmington, NC 28411",1467.0,2002.0,2.0,3.0,8712.0,Single Family,-77.850109,34.293154
1477 Rankin Ave SE,Palm Bay,FL,32909,"1477 Rankin Ave SE, Palm Bay, FL 32909",1812.0,1998.0,2.0,4.0,26136.0,Single Family,-80.643276,27.961239
3775 E Hans Dr,Gilbert,AZ,85296,"3775 E Hans Dr, Gilbert, AZ 85296",1961.0,2014.0,3.0,3.0,3975.0,Single Family,-111.709081,33.330301
749 S Laurinda Ln,Orange,CA,92869,"749 S Laurinda Ln, Orange, CA 92869",1759.0,1962.0,2.0,4.0,11600.0,Single Family,-117.821947,33.775926
808 E 3rd St,Eureka,KS,67045,"808 E 3rd St, Eureka, KS 67045",1923.0,1912.0,1.5,4.0,11250.0,Single Family,-96.283904,37.821423
6114 Se 49th Ave,Portland,OR,97206,"6114 Se 49th Ave, Portland, OR 97206",980.0,1926.0,1.0,2.0,5000.0,Single Family,-122.612092,45.478137
306 Brookwood Dr,Ambler,PA,19002,"306 Brookwood Dr, Ambler, PA 19002",1466.0,1980.0,2.5,3.0,1600.0,Single Family,-75.211209,40.148328
1172 Twin Rivers Blvd,Oviedo,FL,32766,"1172 Twin Rivers Blvd, Oviedo, FL 32766",1996.0,1994.0,3.0,4.0,6476.0,Single Family,-81.159877,28.647557
2530 S Lloyd St,Philadelphia,PA,19142,"2530 S Lloyd St, Philadelphia, PA 19142",1276.0,1925.0,1.0,3.0,1149.0,Single Family,-75.24065,39.913839
4262 Gardner Dr,Port Charlotte,FL,33952,"4262 Gardner Dr, Port Charlotte, FL 33952",1320.0,1961.0,2.0,3.0,9375.0,Single Family,-82.083105,26.965040000000002
6801 Harding Ave,Miami Beach,FL,33141,"6801 Harding Ave, Apt 315, Miami Beach, FL 33141",810.0,1994.0,1.5,1.0,0.0,Condo,-80.121055,25.852302
10328 Sw 212th St,Cutler Bay,FL,33189,"10328 Sw 212th St, Apt 3, Cutler Bay, FL 33189",0.0,0.0,0.0,0.0,0.0,Unknown,-80.357977,25.570132
6466 State Rte,Goshen,OH,45122,"6466 State Rte, 132, Goshen, OH 45122",1557.0,1955.0,1.0,3.0,20038.0,Single Family,-84.172045,39.211727
501 5th Ave,Smithville,TX,78957,"501 5th Ave, Smithville, TX 78957",1075.0,1981.0,1.0,2.0,9148.0,Single Family,-97.172907,30.008506
100 Weston Way NW,Cartersville,GA,30121,"100 Weston Way NW, Cartersville, GA 30121",2387.0,2021.0,3.0,3.0,9583.0,Single Family,-84.809639,34.227004
4206 Wensledale Dr,Schertz,TX,78108,"4206 Wensledale Dr, Schertz, TX 78108",3652.0,2005.0,3.0,6.0,6534.0,Single Family,-98.223364,29.615712
3745 Grady Smith Rd,Loganville,GA,30052,"3745 Grady Smith Rd, Loganville, GA 30052",1590.0,1988.0,2.0,3.0,59677.0,Single Family,-83.844447,33.844521
362 Andrew Hairston Pl NW,Atlanta,GA,30314,"362 Andrew Hairston Pl NW, Atlanta, GA 30314",2700.0,2018.0,2.0,3.0,4966.0,Single Family,-84.413944,33.764556
7235 S Warner St,Tacoma,WA,98409,"7235 S Warner St, Tacoma, WA 98409",720.0,1953.0,1.0,2.0,7812.0,Single Family,-122.480659,47.190726
1101 Woodland Dr,Knoxville,IA,50138,"1101 Woodland Dr, Apt 6, Knoxville, IA 50138",0.0,0.0,0.0,0.0,0.0,Unknown,-93.114913,41.327957
11076 Moreland Dr W,Grand Bay,AL,36541,"11076 Moreland Dr W, Apt A, Grand Bay, AL 36541",0.0,0.0,0.0,0.0,0.0,Unknown,-88.351534,30.460428
350 Ann Dr,Liberty,SC,29657,"350 Ann Dr, Liberty, SC 29657",1498.0,2008.0,2.0,3.0,49441.0,Single Family,-82.641513,34.787954
5324 Copper Mtn,Waco,TX,76708,"5324 Copper Mtn, Waco, TX 76708",1600.0,0.0,2.0,4.0,0.0,Single Family,-97.250107,31.618524999999998
720 E 33rd St N,Tulsa,OK,74106,"720 E 33rd St N, Tulsa, OK 74106",1248.0,1954.0,1.0,0.0,7187.0,Single Family,-95.984263,36.202546
11536 Sw 55th St,Mustang,OK,73064,"11536 Sw 55th St, Mustang, OK 73064",2295.0,2017.0,2.5,3.0,8795.0,Single Family,-97.728586,35.409223
25141 Independent Pl,San Bernardino,CA,92404,"25141 Independent Pl, San Bernardino, CA 92404",730.0,1943.0,1.0,2.0,7000.0,Single Family,-117.255799,34.12271
1233 N Via Monte Vis,Palm Springs,CA,92262,"1233 N Via Monte Vis, Palm Springs, CA 92262",2316.0,1957.0,3.0,5.0,13939.0,Single Family,-116.554327,33.839568
603 N Genesee St,Davison,MI,48423,"603 N Genesee St, Davison, MI 48423",1136.0,1909.0,1.0,3.0,8712.0,Single Family,-83.519614,43.034838
105 E 6th St,Hickman,NE,68372,"105 E 6th St, Hickman, NE 68372",1584.0,1965.0,2.0,2.0,20909.0,Single Family,-96.632825,40.623809
2909 Madison Dr,Melissa,TX,75454,"2909 Madison Dr, Melissa, TX 75454",3430.0,2007.0,3.0,4.0,0.0,Single Family,-96.555383,33.289559
1261 Discovery Dr,Ladson,SC,29456,"1261 Discovery Dr, Ladson, SC 29456",2901.0,2015.0,3.5,4.0,0.0,Single Family,-80.103187,33.015312
152 Skyline Dr,Carpentersville,IL,60110,"152 Skyline Dr, Carpentersville, IL 60110",0.0,0.0,0.0,0.0,20433.0,Single Family,-88.268707,42.123654
C 695 County Rd,Holgate,OH,43527,"C 695 County Rd, # 17B, Holgate, OH 43527",2364.0,1900.0,1.5,4.0,57935.0,Single Family,-84.222772,41.20395
21817 Figueroa St,Carson,CA,90745,"21817 Figueroa St, Unit 4, Carson, CA 90745",1261.0,1988.0,2.0,2.0,33563.0,Condo,-118.286549,33.82966
5 W 22nd St,Barnegat Light,NJ,8006,"5 W 22nd St, Barnegat Light, NJ 08006",1529.0,1965.0,2.0,4.0,6250.0,Single Family,-74.113792,39.747096
6020 Shore Blvd S,Gulfport,FL,33707,"6020 Shore Blvd S, Apt 1007, Gulfport, FL 33707",1170.0,1974.0,0.0,0.0,0.0,Condo,-82.714957,27.737898
6135 Van Buren Ave,Cheyenne,WY,82009,"6135 Van Buren Ave, Cheyenne, WY 82009",2748.0,1993.0,1.0,3.0,136343.0,Single Family,-104.74441,41.174844
1136 Carpenters Trce,Villa Hills,KY,41017,"1136 Carpenters Trce, Villa Hills, KY 41017",2380.0,1987.0,2.0,4.0,14375.0,Single Family,-84.598649,39.061861
PO Box 721030,Mcallen,TX,78504,"PO Box 721030, Mcallen, TX 78504",0.0,0.0,0.0,0.0,0.0,Unknown,-98.237002,26.279188
PO Box 466,Spring Hill,KS,66083,"PO Box 466, Spring Hill, KS 66083",0.0,0.0,0.0,0.0,0.0,Unknown,-94.825166,38.744583
245 Harrier St,Virginia Beach,VA,23462,"245 Harrier St, Virginia Beach, VA 23462",1440.0,1982.0,1.5,3.0,1900.0,Single Family,-76.15991,36.848329
8017 Winston Ave,Lubbock,TX,79424,"8017 Winston Ave, Lubbock, TX 79424",2669.0,1980.0,2.0,3.0,11590.0,Single Family,-101.916612,33.520502
3957 Packsaddle Cir,Park City,UT,84098,"3957 Packsaddle Cir, Park City, UT 84098",3837.0,1990.0,2.5,5.0,41818.0,Single Family,-111.587162,40.741766
11695 Tanager Dr,Jacksonville,FL,32225,"11695 Tanager Dr, Jacksonville, FL 32225",1404.0,1985.0,2.0,3.0,4549.0,Single Family,-81.507832,30.351944
3900 Huron St,Sacramento,CA,95838,"3900 Huron St, Sacramento, CA 95838",884.0,1949.0,1.0,3.0,6098.0,Single Family,-121.433626,38.638492
25960 White Wood Cir,Moreno Valley,CA,92553,"25960 White Wood Cir, Moreno Valley, CA 92553",1038.0,1986.0,1.0,2.0,7405.0,Single Family,-117.209777,33.908966
18715 Highway,Sonoma,CA,95476,"18715 Highway, 12 Lot 28, Sonoma, CA 95476",0.0,0.0,0.0,0.0,222591.0,Manufactured,-122.476028,38.308101
1351 S Federal Hwy,Boynton Beach,FL,33435,"1351 S Federal Hwy, # N434, Boynton Beach, FL 33435",1580.0,0.0,2.0,3.0,0.0,Apartment,-80.059663,26.51636
6025 Spainhour Mill Rd,Tobaccoville,NC,27050,"6025 Spainhour Mill Rd, Tobaccoville, NC 27050",0.0,1935.0,1.0,0.0,125888.0,Manufactured,-80.440185,36.253132
4776 Dolphin Dr,Lake Worth,FL,33463,"4776 Dolphin Dr, Lake Worth, FL 33463",0.0,0.0,0.0,0.0,9749.0,Land,-80.122686,26.562923
5544 W H Ave,Kalamazoo,MI,49009,"5544 W H Ave, Kalamazoo, MI 49009",2411.0,1846.0,4.0,5.0,104544.0,Single Family,-85.659189,42.318949
1985 Birmingham Ct,Cumming,GA,30040,"1985 Birmingham Ct, Cumming, GA 30040",3272.0,2018.0,3.5,4.0,9583.0,Single Family,-84.187453,34.209016
202 Pattison St,York,PA,17403,"202 Pattison St, York, PA 17403",936.0,1900.0,1.0,2.0,1873.0,Single Family,-76.712392,39.965003
29 Heartwell Dr,Groton,CT,6340,"29 Heartwell Dr, Groton, CT 06340",1680.0,2009.0,2.5,3.0,17424.0,Single Family,-72.076598,41.373571
17510 Arch St,Little Rock,AR,72206,"17510 Arch St, Little Rock, AR 72206",0.0,0.0,0.0,0.0,0.0,Unknown,-92.326435,34.593896
32610 Durham Ct,Lewes,DE,19958,"32610 Durham Ct, Lewes, DE 19958",3198.0,2006.0,0.0,5.0,6750.0,Single Family,-75.180542,38.716595
Vac/96 Y2 Ave,Juniper Hills,CA,93543,"Vac/96 Y2 Ave, Ste Vic, Juniper Hills, CA 93543",0.0,0.0,0.0,0.0,217443.0,Land,-117.956675,34.467515
11877 Siegel Cemetery Rd,Excelsior Springs,MO,64024,"11877 Siegel Cemetery Rd, Excelsior Springs, MO 64024",1188.0,2005.0,2.0,3.0,217800.0,Single Family,-94.193885,39.307578
1502 E Carson St,Carson,CA,90745,"1502 E Carson St, Spc 61, Carson, CA 90745",967.0,0.0,1.0,2.0,0.0,Unknown,-118.245476,33.831098
22900 Ne Halsey St,Wood Village,OR,97060,"22900 Ne Halsey St, Wood Village, OR 97060",1000.0,1970.0,1.5,2.0,0.0,Townhouse,-122.427177,45.535458
1825 W Byron St,Chicago,IL,60613,"1825 W Byron St, Apt 2, Chicago, IL 60613",0.0,0.0,1.0,2.0,2750.0,Single Family,-87.675125,41.952164
227 Jackson St,Newnan,GA,30263,"227 Jackson St, Newnan, GA 30263",0.0,0.0,0.0,0.0,0.0,Unknown,-84.800189,33.392967
2711 Middleground,San Antonio,TX,78245,"2711 Middleground, San Antonio, TX 78245",1560.0,2006.0,2.0,3.0,4966.0,Single Family,-98.712909,29.403352
8614 Knottingham Dr,Kissimmee,FL,34747,"8614 Knottingham Dr, Kissimmee, FL 34747",2330.0,1993.0,2.0,4.0,7362.0,Single Family,-81.636457,28.330829
15713 Fairfield Dr,Matthews,NC,28104,"15713 Fairfield Dr, Matthews, NC 28104",1907.0,1974.0,2.0,3.0,12676.0,Single Family,-80.625307,35.13424
7124 Bidford Ct,Fort Mill,SC,29707,"7124 Bidford Ct, Fort Mill, SC 29707",1073.0,2003.0,2.5,0.0,43560.0,Single Family,-80.852589,34.980368
410 Everest Ave,San Antonio,TX,78209,"410 Everest Ave, San Antonio, TX 78209",2214.0,2021.0,2.5,3.0,3223.0,Single Family,-98.469963,29.505799
309 N Roosevelt Ave,Oxnard,CA,93030,"309 N Roosevelt Ave, Oxnard, CA 93030",0.0,0.0,0.0,0.0,0.0,Unknown,-119.172994,34.205293
43 S Bridge Ln,Key Largo,FL,33037,"43 S Bridge Ln, Key Largo, FL 33037",2534.0,1989.0,2.0,3.0,17550.0,Single Family,-80.287814,25.298404
19418 Bothell Way NE,Bothell,WA,98011,"19418 Bothell Way NE, Apt A202, Bothell, WA 98011",1048.0,1991.0,2.0,2.0,127718.0,Condo,-122.212514,47.769237
25 Reynolds St,Oneonta,NY,13820,"25 Reynolds St, Oneonta, NY 13820",1688.0,1890.0,1.5,3.0,8276.0,Single Family,-75.039535,42.454899
4129 Bent Dr,Colorado Springs,CO,80909,"4129 Bent Dr, Colorado Springs, CO 80909",1260.0,1965.0,2.0,4.0,10216.0,Single Family,-104.750809,38.843468
2851 W 81st St,Chicago,IL,60652,"2851 W 81st St, Chicago, IL 60652",1939.0,1953.0,3.0,5.0,3456.0,Single Family,-87.694531,41.746033
2121 Handley Dr,Fort Worth,TX,76112,"2121 Handley Dr, Apt 92, Fort Worth, TX 76112",924.0,0.0,1.0,2.0,0.0,Apartment,-97.215041,32.748238
141 Stoll Ave,Louisville,KY,40206,"141 Stoll Ave, Louisville, KY 40206",1216.0,1910.0,1.0,1.0,4317.0,Single Family,-85.71438,38.255062
304 Shoddy Hollow Rd,Otisville,NY,10963,"304 Shoddy Hollow Rd, Otisville, NY 10963",11457.0,1970.0,1.5,3.0,862488.0,Land,-74.503595,41.475751
5021 Whisper Dr,Fort Worth,TX,76123,"5021 Whisper Dr, Fort Worth, TX 76123",4325.0,2005.0,1.0,6.0,7196.0,Single Family,-97.402659,32.618897
3006 Norwood Ave,South Plainfield,NJ,7080,"3006 Norwood Ave, South Plainfield, NJ 07080",2160.0,1961.0,2.0,3.0,7950.0,Single Family,-74.398241,40.585912
2880 Donnell Dr,Round Rock,TX,78664,"2880 Donnell Dr, Unit 1904, Round Rock, TX 78664",2102.0,2017.0,2.5,4.0,1481.0,Condo,-97.626118,30.488868
8968 Garibaldi Ct,Blaine,WA,98230,"8968 Garibaldi Ct, Blaine, WA 98230",0.0,0.0,0.0,0.0,8416.0,Single Family,-122.790791,48.967731
66 Madison Ave,New York,NY,10016,"66 Madison Ave, Apt 7K, New York, NY 10016",750.0,0.0,1.0,1.0,0.0,Single Family,-73.986352,40.743744
3528 Ne 20th Pl,Cape Coral,FL,33909,"3528 Ne 20th Pl, Cape Coral, FL 33909",1499.0,2020.0,2.0,4.0,10000.0,Single Family,-81.932178,26.722543
14744 Boer Trail Ave,El Paso,TX,79938,"14744 Boer Trail Ave, El Paso, TX 79938",1529.0,2017.0,2.0,3.0,5028.0,Single Family,-106.206488,31.792118
605 Humboldt Pl,Fayetteville,NC,28314,"605 Humboldt Pl, Fayetteville, NC 28314",3372.0,1998.0,3.5,4.0,47045.0,Single Family,-78.948135,35.0485
5718 Nw 71st Ave,Tamarac,FL,33321,"5718 Nw 71st Ave, Tamarac, FL 33321",1128.0,1970.0,2.0,2.0,4176.0,Single Family,-80.245233,26.196136
32 Sherburne Hills Rd,Danville,CA,94526,"32 Sherburne Hills Rd, Danville, CA 94526",0.0,0.0,0.0,0.0,0.0,Unknown,-121.952595,37.804626999999996
PO Box 557214,Miami,FL,33255,"PO Box 557214, Miami, FL 33255",0.0,0.0,0.0,0.0,0.0,Unknown,-80.3062,25.7332
527 Springhill Rd,Saint Paul,MN,55127,"527 Springhill Rd, Saint Paul, MN 55127",1308.0,1980.0,3.0,3.0,20038.0,Single Family,-93.079114,45.075734
1220 Fairway Club Cir,Estes Park,CO,80517,"1220 Fairway Club Cir, Unit 2, Estes Park, CO 80517",1358.0,1994.0,2.0,2.0,33106.0,Condo,-105.50268,40.360012
315 Honeywood Ln,Monroe,NC,28110,"315 Honeywood Ln, Monroe, NC 28110",1339.0,1993.0,2.0,3.0,20038.0,Single Family,-80.604227,34.981668
1235 S Highland Ave,Clearwater,FL,33756,"1235 S Highland Ave, Apt B202, Clearwater, FL 33756",0.0,0.0,0.0,0.0,0.0,Unknown,-82.774583,27.951889
16961 76th Ave N,Maple Grove,MN,55311,"16961 76th Ave N, Maple Grove, MN 55311",2309.0,2000.0,4.0,4.0,8712.0,Single Family,-93.495106,45.092798
1550 W Main St,Ripon,CA,95366,"1550 W Main St, Apt 22, Ripon, CA 95366",0.0,0.0,0.0,0.0,0.0,Unknown,-121.141415,37.738425
3001 General Martin Ln,Franklin,TN,37064,"3001 General Martin Ln, Franklin, TN 37064",3341.0,2016.0,3.5,4.0,7841.0,Single Family,-86.841959,35.866071
1520 Columbus St,Ottawa,IL,61350,"1520 Columbus St, Ottawa, IL 61350",2016.0,1986.0,0.0,0.0,24829.0,Single Family,-88.841,41.355383
2425 Okeechobee Rd,Fort Pierce,FL,34950,"2425 Okeechobee Rd, Ste C, Fort Pierce, FL 34950",0.0,0.0,0.0,0.0,0.0,Unknown,-80.349257,27.437428
32 Maxwell Ln,Manalapan,NJ,7726,"32 Maxwell Ln, Manalapan, NJ 07726",1592.0,1968.0,2.0,3.0,16800.0,Single Family,-74.298143,40.296696
18 Patera Ave,Fairport,NY,14450,"18 Patera Ave, Fairport, NY 14450",1824.0,1988.0,3.0,3.0,17860.0,Single Family,-77.394307,43.096243
1200 Old Dixie Hwy S,Springfield,GA,31329,"1200 Old Dixie Hwy S, Springfield, GA 31329",0.0,0.0,0.0,0.0,0.0,Unknown,-81.319963,32.412514
3328 Surfline Dr,Las Vegas,NV,89117,"3328 Surfline Dr, Las Vegas, NV 89117",2132.0,1989.0,2.5,4.0,4792.0,Single Family,-115.301906,36.130495
717 W Iris Ave,Mcallen,TX,78501,"717 W Iris Ave, Apt 3, Mcallen, TX 78501",0.0,0.0,0.0,0.0,0.0,Unknown,-98.222007,26.234063
PO Box 24645,Houston,TX,77229,"PO Box 24645, Houston, TX 77229",0.0,0.0,0.0,0.0,0.0,Unknown,-95.2187,29.7879
315 Aster Pl,Hampstead,NC,28443,"315 Aster Pl, Hampstead, NC 28443",3823.0,2019.0,4.0,5.0,20473.0,Single Family,-77.681058,34.368001
1529 Woodbine Dr,Round Lake Beach,IL,60073,"1529 Woodbine Dr, Round Lake Beach, IL 60073",891.0,1993.0,1.0,3.0,5001.0,Single Family,-88.083259,42.376966
147 Doolittle St,San Antonio,TX,78211,"147 Doolittle St, San Antonio, TX 78211",960.0,1980.0,1.0,3.0,7318.0,Single Family,-98.554499,29.331119
1143 Zarza Corte,Chula Vista,CA,91910,"1143 Zarza Corte, Chula Vista, CA 91910",1570.0,1989.0,2.0,3.0,114614.0,Condo,-117.012059,32.630684
140 Rivermont Rd,Athens,GA,30606,"140 Rivermont Rd, Athens, GA 30606",1711.0,1963.0,2.5,0.0,13068.0,Single Family,-83.43211,33.955267
10702 Stone Canyon Rd,Dallas,TX,75230,"10702 Stone Canyon Rd, Apt 204, Dallas, TX 75230",1116.0,0.0,2.0,2.0,0.0,Apartment,-96.774195,32.893056
5792 Aftonshire Dr,Fayetteville,NC,28304,"5792 Aftonshire Dr, Fayetteville, NC 28304",2464.0,1985.0,4.0,4.0,17860.0,Duplex-Triplex,-78.974745,35.033696
5950 W Eddy St,Chicago,IL,60634,"5950 W Eddy St, Apt 2F, Chicago, IL 60634",0.0,0.0,0.0,0.0,0.0,Unknown,-87.776031,41.945134
Tract 12 Burnet Oaks Ests,Burnet,TX,78611,"Tract 12 Burnet Oaks Ests, Burnet, TX 78611",0.0,0.0,0.0,0.0,217800.0,Land,-98.17848981,30.78824294
5257 Linden Rd,Rockford,IL,61109,"5257 Linden Rd, Apt 10306, Rockford, IL 61109",0.0,0.0,0.0,0.0,0.0,Unknown,-89.014954,42.216831
1999 Highway,Houston,AR,72070,"1999 Highway, 216, Houston, AR 72070",1456.0,0.0,2.0,3.0,143312.0,Land,-92.764262,34.960816
723 S Alden St,Philadelphia,PA,19143,"723 S Alden St, Philadelphia, PA 19143",960.0,1925.0,1.0,3.0,980.0,Townhouse,-75.237818,39.94974
7409 Sycamore Trace Dr,Fort Worth,TX,76133,"7409 Sycamore Trace Dr, Apt 112, Fort Worth, TX 76133",0.0,0.0,0.0,0.0,0.0,Unknown,-97.363213,32.636437
1445 E 13th St,Douglas,AZ,85607,"1445 E 13th St, Douglas, AZ 85607",1062.0,1953.0,0.0,0.0,0.0,Single Family,-109.539189,31.34721
9637 Forest Ln,Dallas,TX,75243,"9637 Forest Ln, Apt 218, Dallas, TX 75243",0.0,0.0,0.0,0.0,0.0,Unknown,-96.726154,32.909641
462 Bristol St,Brooklyn,NY,11212,"462 Bristol St, Brooklyn, NY 11212",2440.0,1920.0,0.0,0.0,2500.0,Duplex-Triplex,-73.910431,40.659734
141 Floral Ave Apt C,Mount Clemens,MI,48043,"141 Floral Ave Apt C, Mount Clemens, MI 48043",1178.0,1976.0,1.5,0.0,0.0,Condo,-82.892785,42.592704
325 Woodsview Dr,Canal Winchester,OH,43110,"325 Woodsview Dr, Canal Winchester, OH 43110",1432.0,1959.0,2.0,3.0,15812.0,Single Family,-82.814576,39.841384
2304 River Rd,Missoula,MT,59801,"2304 River Rd, Missoula, MT 59801",1270.0,1940.0,2.0,2.0,11064.0,Single Family,-114.034848,46.876282
519 W Elm St,Almira,WA,99103,"519 W Elm St, Almira, WA 99103",672.0,1920.0,1.0,2.0,0.0,Single Family,-118.944659,47.711635
11533 N Ride Cir E,Jacksonville,FL,32223,"11533 N Ride Cir E, Jacksonville, FL 32223",1600.0,1979.0,2.0,4.0,7656.0,Single Family,-81.617662,30.162959
1618 Twin Oaks Dr,Cleburne,TX,76033,"1618 Twin Oaks Dr, Cleburne, TX 76033",1872.0,1998.0,2.0,3.0,12075.0,Single Family,-97.401459,32.311805
3514 Chestnut Dr,Myrtle Beach,SC,29577,"3514 Chestnut Dr, Myrtle Beach, SC 29577",1074.0,2002.0,2.5,2.0,1307.0,Condo,-78.937992,33.6591
1505 Park Pl,College Station,TX,77840,"1505 Park Pl, Apt 53, College Station, TX 77840",0.0,0.0,0.0,0.0,0.0,Unknown,-96.324429,30.61249
1966 Herbert Garrett Rd,Cookeville,TN,38506,"1966 Herbert Garrett Rd, Cookeville, TN 38506",1622.0,1997.0,2.0,0.0,25200.0,Single Family,-85.552376,36.120002
1688 Aspen Village Way,West Covina,CA,91791,"1688 Aspen Village Way, West Covina, CA 91791",1415.0,1977.0,3.0,3.0,53396.0,Condo,-117.911246,34.059911
610 N 7th St,Livingston,MT,59047,"610 N 7th St, Livingston, MT 59047",2448.0,2004.0,2.0,4.0,7013.0,Single Family,-110.572447,45.663145
125 Venus Cir,Freedom,PA,15042,"125 Venus Cir, Freedom, PA 15042",2012.0,1976.0,2.0,4.0,12632.0,Single Family,-80.205581,40.66583
220 Chautauqua Ave,Jamestown,NY,14701,"220 Chautauqua Ave, Jamestown, NY 14701",1080.0,1948.0,1.0,3.0,12000.0,Single Family,-79.250443,42.082103
1218 Vermont Ave,Dallas,TX,75216,"1218 Vermont Ave, Dallas, TX 75216",862.0,1925.0,1.0,1.0,8366.0,Single Family,-96.80659,32.726756
6176 Kingsley Dr,Indianapolis,IN,46220,"6176 Kingsley Dr, Indianapolis, IN 46220",875.0,1943.0,0.0,2.0,5576.0,Single Family,-86.130957,39.867594
2233 Suffron Hills Ct,Henderson,NV,89044,"2233 Suffron Hills Ct, Henderson, NV 89044",1836.0,2008.0,2.0,2.0,8276.0,Single Family,-115.083692,35.942462
3543 Birdland Ave,Sacramento,CA,95835,"3543 Birdland Ave, Sacramento, CA 95835",1945.0,2022.0,2.0,3.0,0.0,Single Family,-121.542146,38.680006
146 2nd St SE,Loveland,CO,80537,"146 2nd St SE, Loveland, CO 80537",0.0,0.0,0.0,0.0,0.0,Unknown,-105.075856,40.391746
74 Wainwright St,Providence,RI,2908,"74 Wainwright St, Providence, RI 02908",1271.0,1930.0,1.0,3.0,6400.0,Single Family,-71.437005,41.850856
1175 Seneca Cir,El Dorado Hills,CA,95762,"1175 Seneca Cir, El Dorado Hills, CA 95762",3367.0,2020.0,3.5,5.0,7405.0,Single Family,-121.083896,38.653789
12 Knox Blvd,Neptune,NJ,7753,"12 Knox Blvd, Neptune, NJ 07753",1988.0,1972.0,2.0,4.0,11500.0,Single Family,-74.054356,40.219194
2016 Harris Ave,Bellingham,WA,98225,"2016 Harris Ave, Bellingham, WA 98225",1722.0,2016.0,3.0,4.0,4792.0,Single Family,-122.490809,48.719895
378 Us Hwy,Pikeville,TN,37367,"378 Us Hwy, 127, Pikeville, TN 37367",0.0,0.0,0.0,0.0,164657.0,Land,-85.195961,35.598505
8361 Revelation Ave,Walkersville,MD,21793,"8361 Revelation Ave, Walkersville, MD 21793",1200.0,1972.0,1.5,3.0,2480.0,Single Family,-77.363288,39.462405
16 Woodcrest Ct,Newark,DE,19702,"16 Woodcrest Ct, Newark, DE 19702",1450.0,1996.0,2.5,2.0,2178.0,Single Family,-75.687175,39.648898
40 Knob Hill Rd,Hackettstown,NJ,7840,"40 Knob Hill Rd, Hackettstown, NJ 07840",2663.0,1983.0,0.0,0.0,13068.0,Single Family,-74.817915,40.826467
379 Ridgeview Dr,Pleasant Hill,CA,94523,"379 Ridgeview Dr, Pleasant Hill, CA 94523",1490.0,1972.0,2.0,3.0,1400.0,Single Family,-122.092629,37.969638
131 Walnut St,Millersburg,PA,17061,"131 Walnut St, Millersburg, PA 17061",1725.0,1906.0,1.0,3.0,3485.0,Single Family,-76.958912,40.538816
26 Woodland Dr,Collinsville,IL,62234,"26 Woodland Dr, Collinsville, IL 62234",696.0,1949.0,2.0,3.0,12632.0,Single Family,-90.013105,38.656363
1512 Gleason Dr,Rantoul,IL,61866,"1512 Gleason Dr, Rantoul, IL 61866",1512.0,1959.0,1.0,3.0,7405.0,Single Family,-88.130748,40.308665
7608 Oakberry Dr,Raleigh,NC,27616,"7608 Oakberry Dr, Raleigh, NC 27616",3228.0,2015.0,3.0,4.0,9148.0,Single Family,-78.508431,35.839749
5187 Caliente St,Las Vegas,NV,89119,"5187 Caliente St, Unit 92, Las Vegas, NV 89119",994.0,1984.0,2.0,2.0,2209.0,Condo,-115.130334,36.095367
3406 Valley View Dr,Shreveport,LA,71108,"3406 Valley View Dr, Shreveport, LA 71108",1552.0,0.0,1.5,3.0,0.0,Single Family,-93.792685,32.437091
12 Hamilton Ln,Oak Brook,IL,60523,"12 Hamilton Ln, Oak Brook, IL 60523",0.0,0.0,0.0,0.0,17860.0,Land,-87.962895,41.842511
2900 E Charleston Blvd,Las Vegas,NV,89104,"2900 E Charleston Blvd, Apt 147, Las Vegas, NV 89104",0.0,0.0,0.0,0.0,0.0,Unknown,-115.108949,36.159096
1950 Summer Club Dr,Oviedo,FL,32765,"1950 Summer Club Dr, Apt 200, Oviedo, FL 32765",1180.0,1998.0,2.0,3.0,319.0,Condo,-81.241634,28.647463
516 N Mayfield Ave,Chicago,IL,60644,"516 N Mayfield Ave, Apt 3, Chicago, IL 60644",0.0,0.0,0.0,0.0,0.0,Unknown,-87.772182,41.889603
15723 Mansel Ave,Lawndale,CA,90260,"15723 Mansel Ave, Apt 3, Lawndale, CA 90260",1173.0,1982.0,2.0,3.0,47274.0,Condo,-118.35656,33.888231
1805 S 71st East Ave,Tulsa,OK,74112,"1805 S 71st East Ave, Tulsa, OK 74112",1551.0,1962.0,2.0,0.0,8799.0,Single Family,-95.897108,36.138485
1482 Nightshade Rd,Milpitas,CA,95035,"1482 Nightshade Rd, Unit 41, Milpitas, CA 95035",1220.0,2018.0,2.0,1.0,956.0,Condo,-121.88982,37.41329
35 Inverness Dr,Delran,NJ,8075,"35 Inverness Dr, Delran, NJ 08075",2384.0,1999.0,3.0,4.0,7675.0,Single Family,-74.928205,40.017794
1700 Midbrook Dr,Columbia,SC,29229,"1700 Midbrook Dr, Columbia, SC 29229",0.0,2023.0,0.0,0.0,0.0,Single Family,-80.849152,34.102016
553 Pylon Dr,Raleigh,NC,27606,"553 Pylon Dr, Ste A, Raleigh, NC 27606",0.0,0.0,0.0,0.0,0.0,Condo,-78.703649,35.791365
214 4th St SW,Belfield,ND,58622,"214 4th St SW, Belfield, ND 58622",1456.0,2014.0,2.0,3.0,7013.0,Manufactured,-103.20434,46.882915
9351 Nw 26th St,Sunrise,FL,33322,"9351 Nw 26th St, Sunrise, FL 33322",1572.0,1975.0,2.0,3.0,6000.0,Single Family,-80.274327,26.157563
113 E Club Blvd,Durham,NC,27704,"113 E Club Blvd, Durham, NC 27704",1640.0,1949.0,2.0,4.0,7405.0,Duplex-Triplex,-78.891436,36.019956
10501 Wilshire Blvd,Los Angeles,CA,90024,"10501 Wilshire Blvd, Unit 1712, Los Angeles, CA 90024",1217.0,1963.0,3.0,2.0,42205.0,Condo,-118.432754,34.064181
6828 Sw 21st St,Miami,FL,33155,"6828 Sw 21st St, Miami, FL 33155",2783.0,1973.0,3.0,5.0,7500.0,Duplex-Triplex,-80.306194,25.750996999999998
9227 Ridge,San Antonio,TX,78250,"9227 Ridge, Town, San Antonio, TX 78250",1670.0,1983.0,2.0,3.0,8102.0,Single Family,-98.671541,29.496267
250 Femrite Dr,Monona,WI,53716,"250 Femrite Dr, Apt 205, Monona, WI 53716",0.0,0.0,0.0,0.0,0.0,Unknown,-89.323163,43.052736
843 Old Willis School Rd,Dallas,NC,28034,"843 Old Willis School Rd, Dallas, NC 28034",1428.0,1969.0,1.0,3.0,93218.0,Single Family,-81.149981,35.365485
27770 Dickens Ave,Hayward,CA,94544,"27770 Dickens Ave, Hayward, CA 94544",1254.0,1955.0,2.0,3.0,5000.0,Single Family,-122.073758,37.630659
233 1/2 E Ivy Ave,Inglewood,CA,90302,"233 1/2 E Ivy Ave, Inglewood, CA 90302",0.0,0.0,0.0,0.0,0.0,Unknown,-118.352434,33.968569
164 Ardmore Ave,Shreveport,LA,71105,"164 Ardmore Ave, Shreveport, LA 71105",1160.0,0.0,1.0,3.0,5271.0,Single Family,-93.720232,32.475588
1346 Bates Dr,Colorado Springs,CO,80909,"1346 Bates Dr, Colorado Springs, CO 80909",984.0,1958.0,1.0,3.0,6500.0,Single Family,-104.771712,38.852612
4402 Lauren Mackenzie,Killeen,TX,76549,"4402 Lauren Mackenzie, Killeen, TX 76549",1850.0,0.0,2.0,4.0,0.0,Single Family,-97.810731,31.09923
406 E Bowie St,Del Rio,TX,78840,"406 E Bowie St, Del Rio, TX 78840",2096.0,1980.0,0.0,0.0,6850.0,Single Family,-100.871256,29.362365
5107 Westgate Dr,Shelby,NC,28152,"5107 Westgate Dr, Shelby, NC 28152",1100.0,0.0,0.0,0.0,0.0,Single Family,-81.526531,35.232198
8100 W State Rd,Sanford,FL,32771,"8100 W State Rd, 46, Sanford, FL 32771",0.0,0.0,0.0,0.0,1376496.0,Single Family,-81.402531,28.818861
231 Bushaway Rd,Wayzata,MN,55391,"231 Bushaway Rd, Wayzata, MN 55391",2687.0,1954.0,1.5,4.0,25700.0,Single Family,-93.496339,44.967726
846 5th Ave,Upland,CA,91786,"846 5th Ave, Upland, CA 91786",1056.0,1915.0,1.0,2.0,5250.0,Single Family,-117.643661,34.104235
4861 Given Ave,Memphis,TN,38122,"4861 Given Ave, Memphis, TN 38122",1183.0,1955.0,2.0,4.0,7187.0,Single Family,-89.898649,35.156302
283 Big Bear Dr,Melissa,TX,75454,"283 Big Bear Dr, Melissa, TX 75454",2127.0,2004.0,2.0,4.0,6098.0,Single Family,-96.589761,33.280255
1094 Kane St,Norfolk,VA,23513,"1094 Kane St, Norfolk, VA 23513",1945.0,1999.0,3.0,3.0,6041.0,Single Family,-76.240561,36.907157
4421 Peralta Blvd,Fremont,CA,94536,"4421 Peralta Blvd, Fremont, CA 94536",1387.0,1997.0,2.5,3.0,3024.0,Single Family,-122.010892,37.55216
2022 Bank St,Baltimore,MD,21231,"2022 Bank St, Baltimore, MD 21231",1156.0,1900.0,2.0,4.0,750.0,Condo,-76.588187,39.286998
1217 Main St,Loudon,TN,37774,"1217 Main St, Loudon, TN 37774",960.0,1955.0,1.0,2.0,5990.0,Single Family,-84.331942,35.735103
12 Bay St,Highlands,NJ,7732,"12 Bay St, Highlands, NJ 07732",2688.0,2005.0,2.0,3.0,8372.0,Single Family,-73.988163,40.397697
3406 E Oak Island Dr,Oak Island,NC,28465,"3406 E Oak Island Dr, Oak Island, NC 28465",1857.0,2022.0,2.5,3.0,0.0,Single Family,-78.127347,33.916353
771 Rue Center Ct,Cincinnati,OH,45245,"771 Rue Center Ct, Apt G, Cincinnati, OH 45245",0.0,0.0,0.0,0.0,0.0,Unknown,-84.286183,39.062838
4304 Live Oak Dr,Mesquite,TX,75150,"4304 Live Oak Dr, Mesquite, TX 75150",1938.0,1963.0,2.0,3.0,10561.0,Single Family,-96.637747,32.823931
330 Woodrow Ave,Bakersfield,CA,93308,"330 Woodrow Ave, Bakersfield, CA 93308",1030.0,1947.0,2.0,3.0,5662.0,Single Family,-119.027695,35.416567
192 Breakwater Ct,Detroit,MI,48214,"192 Breakwater Ct, Unit 71, Detroit, MI 48214",0.0,0.0,0.0,0.0,0.0,Condo,-83.496556,42.199468
1730 Plum St,Aurora,IL,60506,"1730 Plum St, Aurora, IL 60506",2890.0,1965.0,3.0,6.0,9375.0,Single Family,-88.358261,41.766262
31 Rugby Rd,Buffalo,NY,14216,"31 Rugby Rd, Buffalo, NY 14216",2874.0,1925.0,2.0,6.0,4550.0,Duplex-Triplex,-78.859081,42.945543
1515 Contour Dr,San Antonio,TX,78212,"1515 Contour Dr, Apt 101, San Antonio, TX 78212",0.0,0.0,0.0,0.0,0.0,Unknown,-98.496262,29.486066
7121 Watcher St,Commerce,CA,90040,"7121 Watcher St, Commerce, CA 90040",0.0,0.0,0.0,0.0,0.0,Unknown,-118.130544,33.974998
1435 Mars Dr,Pasadena,TX,77504,"1435 Mars Dr, Pasadena, TX 77504",1196.0,1978.0,2.0,3.0,12001.0,Single Family,-95.186947,29.639875
3020 N Monitor Ave,Chicago,IL,60634,"3020 N Monitor Ave, Chicago, IL 60634",1158.0,1927.0,1.0,3.0,4092.0,Single Family,-87.772812,41.935532
7821 Odell St,North Richland Hills,TX,76182,"7821 Odell St, North Richland Hills, TX 76182",1485.0,1984.0,2.0,3.0,8276.0,Single Family,-97.212929,32.872862
2021 E Pegasus Dr,Tempe,AZ,85283,"2021 E Pegasus Dr, Tempe, AZ 85283",2132.0,1978.0,2.0,3.0,11256.0,Single Family,-111.901092,33.364155
332 W Cheyenne Pl,Bartlesville,OK,74003,"332 W Cheyenne Pl, Bartlesville, OK 74003",1400.0,1941.0,1.0,2.0,5760.0,Single Family,-95.986311,36.75784
2108 12th Ave,Parkersburg,WV,26101,"2108 12th Ave, Parkersburg, WV 26101",2206.0,1930.0,3.0,3.0,22085.0,Single Family,-81.552902,39.246462
5700 Jacksboro Pike,Knoxville,TN,37918,"5700 Jacksboro Pike, Knoxville, TN 37918",1976.0,1952.0,2.0,4.0,21344.0,Single Family,-83.924305,36.048096
4590 Candlestick Ct E,Estero,FL,33928,"4590 Candlestick Ct E, Estero, FL 33928",822.0,2000.0,1.0,1.0,2265.0,Manufactured,-81.830729,26.445479
3844 Gordon Dr,Amelia,OH,45102,"3844 Gordon Dr, Apt 2, Amelia, OH 45102",0.0,0.0,1.0,2.0,0.0,Condo,-84.254216,39.053852
3705 141st St,Lubbock,TX,79423,"3705 141st St, Lubbock, TX 79423",2573.0,2020.0,3.5,4.0,8890.0,Single Family,-101.894379,33.46557
